File,RelativePath,Folder,ImageQuality,DeleteFlag,species1,species1count,species2,species2count,Flag,Water,OHV,Outreach,CamSetup,Note,DateTime,
03070001.JPG,,SC5_7MarTo17Apr,Ok,true,,0,,0,false,false,false,false,true,, 2021-03-07 12:17:23,
03070002.JPG,,SC5_7MarTo17Apr,Ok,true,,0,,0,false,false,false,false,true,, 2021-03-07 12:17:57,
03070003.JPG,,SC5_7MarTo17Apr,Ok,true,,0,,0,false,false,false,false,true,, 2021-03-07 12:18:31,
03070004.JPG,,SC5_7MarTo17Apr,Ok,true,,0,,0,false,false,false,false,true,, 2021-03-07 12:19:05,
03070005.JPG,,SC5_7MarTo17Apr,Ok,true,,0,,0,false,false,false,false,true,, 2021-03-07 12:19:40,
03070006.JPG,,SC5_7MarTo17Apr,Ok,false,Homo sapien,1,Canis familiaris,1,false,false,false,false,false,, 2021-03-07 15:58:59,
03070007.JPG,,SC5_7MarTo17Apr,Ok,false,Homo sapien,1,Canis familiaris,1,false,false,false,false,false,, 2021-03-07 16:01:32,
03070008.JPG,,SC5_7MarTo17Apr,Ok,true,,0,,0,false,false,false,false,false,, 2021-03-07 18:23:15,
03070009.JPG,,SC5_7MarTo17Apr,Ok,false,Sylvilagus audubonii,1,,0,false,false,false,false,false,, 2021-03-07 18:35:19,
03070010.JPG,,SC5_7MarTo17Apr,Ok,false,Sylvilagus audubonii,1,,0,false,false,false,false,false,, 2021-03-07 18:37:32,
03070011.JPG,,SC5_7MarTo17Apr,Ok,false,Sylvilagus audubonii,1,,0,false,false,false,false,false,, 2021-03-07 18:40:03,
03080012.JPG,,SC5_7MarTo17Apr,Ok,false,Canis latrans,2,,0,false,false,false,false,false,, 2021-03-08 00:31:00,
03080013.JPG,,SC5_7MarTo17Apr,Ok,false,Sylvilagus audubonii,1,,0,false,false,false,false,false,, 2021-03-08 07:32:12,
03080014.JPG,,SC5_7MarTo17Apr,Ok,false,Sylvilagus audubonii,1,,0,false,false,false,false,false,, 2021-03-08 14:00:21,
03080015.JPG,,SC5_7MarTo17Apr,Ok,false,Homo sapien,1,,0,false,false,false,false,false,, 2021-03-08 14:59:17,
03090016.JPG,,SC5_7MarTo17Apr,Ok,false,Procyon lotor,1,,0,false,false,false,false,false,, 2021-03-09 00:14:14,
03090017.JPG,,SC5_7MarTo17Apr,Ok,false,Procyon lotor,1,,0,false,false,false,false,false,, 2021-03-09 00:15:14,
03090018.JPG,,SC5_7MarTo17Apr,Ok,false,Canis latrans,1,,0,false,false,false,false,false,, 2021-03-09 02:22:50,
03090019.JPG,,SC5_7MarTo17Apr,Ok,false,Lynx rufus,1,,0,false,false,false,false,false,, 2021-03-09 05:50:44,
03090020.JPG,,SC5_7MarTo17Apr,Ok,false,Sylvilagus audubonii,1,,0,false,false,false,false,false,, 2021-03-09 08:20:21,
03090021.JPG,,SC5_7MarTo17Apr,Ok,false,Homo sapien,1,,0,false,false,false,false,false,, 2021-03-09 17:27:29,
03100022.JPG,,SC5_7MarTo17Apr,Ok,false,Homo sapien,1,Equs caballus,1,false,false,false,false,false,, 2021-03-10 16:39:35,
03100023.JPG,,SC5_7MarTo17Apr,Ok,false,Sylvilagus audubonii,2,,0,false,false,false,false,false,, 2021-03-10 17:52:03,
03100024.JPG,,SC5_7MarTo17Apr,Ok,true,,0,,0,false,false,false,false,false,, 2021-03-10 18:09:58,
03100025.JPG,,SC5_7MarTo17Apr,Ok,false,Sylvilagus audubonii,1,,0,false,false,false,false,false,, 2021-03-10 18:28:59,
03100026.JPG,,SC5_7MarTo17Apr,Ok,false,Sylvilagus audubonii,1,,0,false,false,false,false,false,, 2021-03-10 18:30:10,
03100027.JPG,,SC5_7MarTo17Apr,Ok,false,Sylvilagus audubonii,1,,0,false,false,false,false,false,, 2021-03-10 18:41:15,
03110028.JPG,,SC5_7MarTo17Apr,Ok,true,,0,,0,false,false,false,false,false,, 2021-03-11 10:20:57,
03110029.JPG,,SC5_7MarTo17Apr,Ok,false,Homo sapien,1,Canis familiaris,1,false,false,false,false,false,, 2021-03-11 16:16:09,
03110030.JPG,,SC5_7MarTo17Apr,Ok,false,Homo sapien,1,Canis familiaris,3,false,false,false,false,false,, 2021-03-11 16:16:43,
03120031.JPG,,SC5_7MarTo17Apr,Ok,false,Procyon lotor,1,,0,false,false,false,false,false,, 2021-03-12 03:11:25,
03120032.JPG,,SC5_7MarTo17Apr,Ok,false,Procyon lotor,2,,0,false,false,false,false,false,, 2021-03-12 03:15:06,
03120033.JPG,,SC5_7MarTo17Apr,Ok,false,Sylvilagus audubonii,1,,0,false,false,false,false,false,, 2021-03-12 06:20:08,
03120034.JPG,,SC5_7MarTo17Apr,Ok,false,Sylvilagus audubonii,1,,0,false,false,false,false,false,, 2021-03-12 06:20:52,
03130035.JPG,,SC5_7MarTo17Apr,Ok,true,,0,,0,false,false,false,false,false,, 2021-03-13 18:33:59,
03140036.JPG,,SC5_7MarTo17Apr,Ok,false,Homo sapien,2,,0,false,false,false,false,false,, 2021-03-14 14:47:28,
03140037.JPG,,SC5_7MarTo17Apr,Ok,false,Homo sapien,1,,0,false,false,false,false,false,, 2021-03-14 15:39:58,
03140038.JPG,,SC5_7MarTo17Apr,Ok,true,,0,,0,false,false,false,false,false,, 2021-03-14 15:40:48,
03140039.JPG,,SC5_7MarTo17Apr,Ok,false,Homo sapien,1,,0,false,false,false,false,false,, 2021-03-14 15:57:20,
03140040.JPG,,SC5_7MarTo17Apr,Ok,true,,0,,0,false,false,false,false,false,, 2021-03-14 16:38:50,
03140041.JPG,,SC5_7MarTo17Apr,Ok,true,,0,,0,false,false,false,false,false,, 2021-03-14 18:38:31,
03150042.JPG,,SC5_7MarTo17Apr,Ok,false,Procyon lotor,1,,0,false,false,false,false,false,, 2021-03-15 03:01:53,
03150043.JPG,,SC5_7MarTo17Apr,Ok,false,Procyon lotor,1,,0,false,false,false,false,false,, 2021-03-15 03:03:08,
03150044.JPG,,SC5_7MarTo17Apr,Ok,false,Sylvilagus audubonii,1,,0,false,false,false,false,false,, 2021-03-15 06:12:41,
03150045.JPG,,SC5_7MarTo17Apr,Ok,false,Sylvilagus audubonii,1,,0,false,false,false,false,false,, 2021-03-15 06:18:58,
03150046.JPG,,SC5_7MarTo17Apr,Ok,false,Sylvilagus audubonii,1,,0,false,false,false,false,false,, 2021-03-15 06:47:56,
03150047.JPG,,SC5_7MarTo17Apr,Ok,false,Sylvilagus audubonii,1,,0,false,false,false,false,false,, 2021-03-15 06:58:21,
03150048.JPG,,SC5_7MarTo17Apr,Ok,false,Sylvilagus audubonii,1,,0,false,false,false,false,false,, 2021-03-15 08:48:40,
03150049.JPG,,SC5_7MarTo17Apr,Ok,false,Sylvilagus audubonii,1,,0,false,false,false,false,false,, 2021-03-15 17:37:22,
03150050.JPG,,SC5_7MarTo17Apr,Ok,false,Sylvilagus audubonii,2,,0,false,false,false,false,false,, 2021-03-15 18:20:01,
03150051.JPG,,SC5_7MarTo17Apr,Ok,false,Sylvilagus audubonii,1,,0,false,false,false,false,false,, 2021-03-15 18:23:30,
03150052.JPG,,SC5_7MarTo17Apr,Ok,true,,0,,0,false,false,false,false,false,, 2021-03-15 18:28:15,
03150053.JPG,,SC5_7MarTo17Apr,Ok,true,,0,,0,false,false,false,false,false,, 2021-03-15 18:33:15,
03150054.JPG,,SC5_7MarTo17Apr,Ok,false,Sylvilagus audubonii,1,,0,false,false,false,false,false,, 2021-03-15 18:54:09,
03160055.JPG,,SC5_7MarTo17Apr,Ok,false,Pecari tajacu,1,,0,false,false,false,false,false,, 2021-03-16 02:30:01,
03160056.JPG,,SC5_7MarTo17Apr,Ok,false,Sylvilagus audubonii,1,,0,false,false,false,false,false,, 2021-03-16 18:47:26,
03170057.JPG,,SC5_7MarTo17Apr,Ok,false,Sylvilagus audubonii,1,,0,false,false,false,false,false,, 2021-03-17 06:33:01,
03170058.JPG,,SC5_7MarTo17Apr,Ok,false,Sylvilagus audubonii,1,,0,false,false,false,false,false,, 2021-03-17 06:42:13,
03170059.JPG,,SC5_7MarTo17Apr,Ok,false,Canis familiaris,1,,0,false,false,false,false,false,, 2021-03-17 09:51:14,
03170060.JPG,,SC5_7MarTo17Apr,Ok,false,Canis familiaris,1,,0,false,false,false,false,false,, 2021-03-17 09:52:17,
03170061.JPG,,SC5_7MarTo17Apr,Ok,false,Homo sapien,1,,0,false,false,false,false,false,, 2021-03-17 10:02:03,
03170062.JPG,,SC5_7MarTo17Apr,Ok,true,,0,,0,false,false,false,false,false,, 2021-03-17 17:02:08,
03170063.JPG,,SC5_7MarTo17Apr,Ok,false,Sylvilagus audubonii,1,,0,false,false,false,false,false,, 2021-03-17 17:29:24,
03170064.JPG,,SC5_7MarTo17Apr,Ok,false,Homo sapien,2,,0,false,false,false,false,false,, 2021-03-17 18:05:19,
03170065.JPG,,SC5_7MarTo17Apr,Ok,true,,0,,0,false,false,false,false,false,, 2021-03-17 18:05:52,
03170066.JPG,,SC5_7MarTo17Apr,Ok,true,,0,,0,false,false,false,false,false,, 2021-03-17 18:33:45,
03180067.JPG,,SC5_7MarTo17Apr,Ok,false,Lynx rufus,1,,0,false,false,false,false,false,, 2021-03-18 01:57:24,
03180068.JPG,,SC5_7MarTo17Apr,Ok,false,Sylvilagus audubonii,1,,0,false,false,false,false,false,, 2021-03-18 13:57:35,
03180069.JPG,,SC5_7MarTo17Apr,Ok,false,Sylvilagus audubonii,1,,0,false,false,false,false,false,, 2021-03-18 14:22:37,
03180070.JPG,,SC5_7MarTo17Apr,Ok,false,Sylvilagus audubonii,1,,0,false,false,false,false,false,, 2021-03-18 14:37:09,
03180071.JPG,,SC5_7MarTo17Apr,Ok,true,,0,,0,false,false,false,false,false,, 2021-03-18 15:59:53,
03180072.JPG,,SC5_7MarTo17Apr,Ok,false,Sylvilagus audubonii,1,,0,false,false,false,false,false,, 2021-03-18 18:45:14,
03190073.JPG,,SC5_7MarTo17Apr,Ok,false,Sylvilagus audubonii,1,,0,false,false,false,false,false,, 2021-03-19 08:02:53,
03190074.JPG,,SC5_7MarTo17Apr,Ok,false,Sylvilagus audubonii,1,,0,false,false,false,false,false,, 2021-03-19 18:46:59,
03200075.JPG,,SC5_7MarTo17Apr,Ok,false,Homo sapien,1,,0,false,false,false,false,false,, 2021-03-20 10:58:39,
03200076.JPG,,SC5_7MarTo17Apr,Ok,false,Homo sapien,1,,0,false,false,false,false,false,, 2021-03-20 11:12:08,
03200077.JPG,,SC5_7MarTo17Apr,Ok,false,Zenaida macroura,1,,0,false,false,false,false,false,, 2021-03-20 11:26:33,
03200078.JPG,,SC5_7MarTo17Apr,Ok,true,,0,,0,false,false,false,false,false,, 2021-03-20 11:41:30,
03200079.JPG,,SC5_7MarTo17Apr,Ok,false,Homo sapien,1,,0,false,false,false,false,false,, 2021-03-20 17:24:54,
03200080.JPG,,SC5_7MarTo17Apr,Ok,false,Canis latrans,2,,0,false,false,false,false,false,, 2021-03-20 22:27:47,
03210081.JPG,,SC5_7MarTo17Apr,Ok,false,Sylvilagus audubonii,1,,0,false,false,false,false,false,, 2021-03-21 06:54:47,
03210082.JPG,,SC5_7MarTo17Apr,Ok,false,Sylvilagus audubonii,1,,0,false,false,false,false,false,, 2021-03-21 06:59:08,
03210083.JPG,,SC5_7MarTo17Apr,Ok,false,Sylvilagus audubonii,1,,0,false,false,false,false,false,, 2021-03-21 07:09:26,
03220084.JPG,,SC5_7MarTo17Apr,Ok,true,,0,,0,false,false,false,false,false,, 2021-03-22 09:51:51,
03220085.JPG,,SC5_7MarTo17Apr,Ok,true,,0,,0,false,false,false,false,false,, 2021-03-22 09:57:08,
03220086.JPG,,SC5_7MarTo17Apr,Ok,true,,0,,0,false,false,false,false,false,, 2021-03-22 09:59:08,
03220087.JPG,,SC5_7MarTo17Apr,Ok,true,,0,,0,false,false,false,false,false,, 2021-03-22 10:16:51,
03220088.JPG,,SC5_7MarTo17Apr,Ok,true,,0,,0,false,false,false,false,false,, 2021-03-22 10:24:41,
03220089.JPG,,SC5_7MarTo17Apr,Ok,true,,0,,0,false,false,false,false,false,, 2021-03-22 10:26:45,
03220090.JPG,,SC5_7MarTo17Apr,Ok,true,,0,,0,false,false,false,false,false,, 2021-03-22 10:31:14,
03220091.JPG,,SC5_7MarTo17Apr,Ok,true,,0,,0,false,false,false,false,false,, 2021-03-22 10:32:01,
03220092.JPG,,SC5_7MarTo17Apr,Ok,true,,0,,0,false,false,false,false,false,, 2021-03-22 10:38:15,
03220093.JPG,,SC5_7MarTo17Apr,Ok,true,,0,,0,false,false,false,false,false,, 2021-03-22 10:43:10,
03220094.JPG,,SC5_7MarTo17Apr,Ok,true,,0,,0,false,false,false,false,false,, 2021-03-22 10:45:06,
03220095.JPG,,SC5_7MarTo17Apr,Ok,true,,0,,0,false,false,false,false,false,, 2021-03-22 10:49:15,
03220096.JPG,,SC5_7MarTo17Apr,Ok,true,,0,,0,false,false,false,false,false,, 2021-03-22 10:51:59,
03220097.JPG,,SC5_7MarTo17Apr,Ok,true,,0,,0,false,false,false,false,false,, 2021-03-22 10:58:35,
03220098.JPG,,SC5_7MarTo17Apr,Ok,true,,0,,0,false,false,false,false,false,, 2021-03-22 11:15:58,
03220099.JPG,,SC5_7MarTo17Apr,Ok,true,,0,,0,false,false,false,false,false,, 2021-03-22 11:18:24,
03220100.JPG,,SC5_7MarTo17Apr,Ok,false,Sylvilagus audubonii,1,,0,false,false,false,false,false,, 2021-03-22 17:59:14,
03230101.JPG,,SC5_7MarTo17Apr,Ok,false,Canis latrans,1,,0,false,false,false,false,false,, 2021-03-23 03:46:27,
03230102.JPG,,SC5_7MarTo17Apr,Ok,true,,0,,0,false,false,false,false,false,, 2021-03-23 10:58:25,
03230103.JPG,,SC5_7MarTo17Apr,Ok,true,,0,,0,false,false,false,false,false,, 2021-03-23 11:21:45,
03230104.JPG,,SC5_7MarTo17Apr,Ok,true,,0,,0,false,false,false,false,false,, 2021-03-23 11:26:41,
03230105.JPG,,SC5_7MarTo17Apr,Ok,true,,0,,0,false,false,false,false,false,, 2021-03-23 12:29:08,
03230106.JPG,,SC5_7MarTo17Apr,Ok,false,Zenaida macroura,2,,0,false,false,false,false,false,, 2021-03-23 13:30:12,
03230107.JPG,,SC5_7MarTo17Apr,Ok,true,,0,,0,false,false,false,false,false,, 2021-03-23 18:04:17,
03240108.JPG,,SC5_7MarTo17Apr,Ok,true,,0,,0,false,false,false,false,false,, 2021-03-24 06:22:27,
03240109.JPG,,SC5_7MarTo17Apr,Ok,true,Sylvilagus audubonii,1,,0,false,false,false,false,false,, 2021-03-24 06:23:35,
03240110.JPG,,SC5_7MarTo17Apr,Ok,false,Canis familiaris,1,,0,false,false,false,false,false,, 2021-03-24 17:28:50,
03240111.JPG,,SC5_7MarTo17Apr,Ok,false,Canis familiaris,1,,0,false,false,false,false,false,, 2021-03-24 18:32:22,
03240112.JPG,,SC5_7MarTo17Apr,Ok,true,,0,,0,false,false,false,false,false,, 2021-03-24 18:37:46,
03240113.JPG,,SC5_7MarTo17Apr,Ok,false,Homo sapien,1,,0,false,false,false,false,false,, 2021-03-24 18:39:18,
03240114.JPG,,SC5_7MarTo17Apr,Ok,false,Sylvilagus audubonii,1,,0,false,false,false,false,false,, 2021-03-24 20:32:00,
03240115.JPG,,SC5_7MarTo17Apr,Ok,true,,0,,0,false,false,false,false,false,, 2021-03-24 21:24:39,
03250116.JPG,,SC5_7MarTo17Apr,Ok,false,Sylvilagus audubonii,2,,0,false,false,false,false,false,, 2021-03-25 05:53:24,
03250117.JPG,,SC5_7MarTo17Apr,Ok,true,,0,,0,false,false,false,false,false,, 2021-03-25 05:54:22,
03250118.JPG,,SC5_7MarTo17Apr,Ok,false,Sylvilagus audubonii,1,,0,false,false,false,false,false,, 2021-03-25 05:55:03,
03250119.JPG,,SC5_7MarTo17Apr,Ok,true,,0,,0,false,false,false,false,false,, 2021-03-25 07:46:51,
03250120.JPG,,SC5_7MarTo17Apr,Ok,false,Geococcyx californianus,1,,0,false,false,false,false,false,, 2021-03-25 14:56:04,
03260121.JPG,,SC5_7MarTo17Apr,Ok,false,Lynx rufus,1,,0,false,false,false,false,false,, 2021-03-26 05:09:50,
03260122.JPG,,SC5_7MarTo17Apr,Ok,false,Sylvilagus audubonii,1,,0,false,false,false,false,false,, 2021-03-26 06:01:12,
03260123.JPG,,SC5_7MarTo17Apr,Ok,false,Sylvilagus audubonii,1,,0,false,false,false,false,false,, 2021-03-26 06:03:28,
03260124.JPG,,SC5_7MarTo17Apr,Ok,true,,0,,0,false,false,false,false,false,, 2021-03-26 06:04:06,
03260125.JPG,,SC5_7MarTo17Apr,Ok,false,Sylvilagus audubonii,1,,0,false,false,false,false,false,, 2021-03-26 06:05:54,
03260126.JPG,,SC5_7MarTo17Apr,Ok,true,,0,,0,false,false,false,false,false,, 2021-03-26 06:06:28,
03260127.JPG,,SC5_7MarTo17Apr,Ok,false,Sylvilagus audubonii,1,Anas platyrhynchos,1,false,false,false,false,false,, 2021-03-26 06:37:19,
03260128.JPG,,SC5_7MarTo17Apr,Ok,true,,0,,0,false,false,false,false,false,, 2021-03-26 06:38:12,
03260129.JPG,,SC5_7MarTo17Apr,Ok,true,,0,,0,false,false,false,false,false,, 2021-03-26 07:07:27,
03260130.JPG,,SC5_7MarTo17Apr,Ok,false,Sylvilagus audubonii,1,,0,false,false,false,false,false,, 2021-03-26 07:09:07,
03260131.JPG,,SC5_7MarTo17Apr,Ok,false,Sylvilagus audubonii,1,,0,false,false,false,false,false,, 2021-03-26 07:10:27,
03260132.JPG,,SC5_7MarTo17Apr,Ok,false,Homo sapien,1,,0,false,false,false,false,false,, 2021-03-26 10:13:17,
03270133.JPG,,SC5_7MarTo17Apr,Ok,false,Sylvilagus audubonii,1,,0,false,false,false,false,false,, 2021-03-27 07:27:50,
03270134.JPG,,SC5_7MarTo17Apr,Ok,false,Sylvilagus audubonii,1,,0,false,false,false,false,false,, 2021-03-27 07:30:30,
03270135.JPG,,SC5_7MarTo17Apr,Ok,false,Sylvilagus audubonii,1,,0,false,false,false,false,false,, 2021-03-27 07:51:19,
03270136.JPG,,SC5_7MarTo17Apr,Ok,true,,0,,0,false,false,false,false,false,, 2021-03-27 10:44:13,
03270137.JPG,,SC5_7MarTo17Apr,Ok,false,Sylvilagus audubonii,1,,0,false,false,false,false,false,, 2021-03-27 17:44:50,
03270138.JPG,,SC5_7MarTo17Apr,Ok,false,Canis familiaris,1,,0,false,false,false,false,false,, 2021-03-27 18:13:21,
03270139.JPG,,SC5_7MarTo17Apr,Ok,false,Procyon lotor,1,,0,false,false,false,false,false,, 2021-03-27 21:10:47,
03280140.JPG,,SC5_7MarTo17Apr,Ok,false,Felis catus,1,,0,false,false,false,false,false,, 2021-03-28 03:45:54,
03280141.JPG,,SC5_7MarTo17Apr,Ok,false,Zenaida macroura,1,,0,false,false,false,false,false,, 2021-03-28 15:20:40,
03280142.JPG,,SC5_7MarTo17Apr,Ok,false,Zenaida macroura,1,,0,false,false,false,false,false,, 2021-03-28 15:22:42,
03280143.JPG,,SC5_7MarTo17Apr,Ok,false,Sylvilagus audubonii,1,,0,false,false,false,false,false,, 2021-03-28 15:25:59,
03290144.JPG,,SC5_7MarTo17Apr,Ok,true,,0,,0,false,false,false,false,false,, 2021-03-29 11:27:33,
03290145.JPG,,SC5_7MarTo17Apr,Ok,true,,0,,0,false,false,false,false,false,, 2021-03-29 12:00:14,
03290146.JPG,,SC5_7MarTo17Apr,Ok,false,Anas platyrhynchos,2,,0,false,false,false,false,false,, 2021-03-29 14:28:17,
03290147.JPG,,SC5_7MarTo17Apr,Ok,true,,0,,0,false,false,false,false,false,, 2021-03-29 14:40:42,
03290148.JPG,,SC5_7MarTo17Apr,Ok,false,Zenaida macroura,1,,0,false,false,false,false,false,, 2021-03-29 14:46:59,
03290149.JPG,,SC5_7MarTo17Apr,Ok,false,Sylvilagus audubonii,1,,0,false,false,false,false,false,, 2021-03-29 14:55:12,
03290150.JPG,,SC5_7MarTo17Apr,Ok,false,Sylvilagus audubonii,1,,0,false,false,false,false,false,, 2021-03-29 14:57:26,
03290151.JPG,,SC5_7MarTo17Apr,Ok,true,,0,,0,false,false,false,false,false,, 2021-03-29 14:58:13,
03290152.JPG,,SC5_7MarTo17Apr,Ok,false,Sylvilagus audubonii,1,,0,false,false,false,false,false,, 2021-03-29 14:59:37,
03290153.JPG,,SC5_7MarTo17Apr,Ok,false,Sylvilagus audubonii,1,,0,false,false,false,false,false,, 2021-03-29 15:05:21,
03290154.JPG,,SC5_7MarTo17Apr,Ok,false,Sylvilagus audubonii,1,,0,false,false,false,false,false,, 2021-03-29 15:09:08,
03300155.JPG,,SC5_7MarTo17Apr,Ok,false,Zenaida macroura,1,,0,false,false,false,false,false,, 2021-03-30 12:58:17,
03300156.JPG,,SC5_7MarTo17Apr,Ok,false,Zenaida macroura,1,,0,false,false,false,false,false,, 2021-03-30 15:26:18,
03300157.JPG,,SC5_7MarTo17Apr,Ok,true,,0,,0,false,false,false,false,false,, 2021-03-30 16:20:10,
03300158.JPG,,SC5_7MarTo17Apr,Ok,false,Homo sapien,1,,0,false,false,false,false,false,, 2021-03-30 18:15:46,
03300159.JPG,,SC5_7MarTo17Apr,Ok,false,Homo sapien,1,,0,false,false,false,false,false,, 2021-03-30 18:18:24,
03300160.JPG,,SC5_7MarTo17Apr,Ok,false,Sylvilagus audubonii,1,,0,false,false,false,false,false,, 2021-03-30 19:01:26,
03300161.JPG,,SC5_7MarTo17Apr,Ok,false,Canis latrans,1,,0,false,false,false,false,false,, 2021-03-30 22:08:51,
03300162.JPG,,SC5_7MarTo17Apr,Ok,false,Canis familiaris,1,,0,false,false,false,false,false,, 2021-03-30 22:11:01,
03310163.JPG,,SC5_7MarTo17Apr,Ok,false,Homo sapien,1,,0,false,false,false,false,false,, 2021-03-31 09:36:11,
03310164.JPG,,SC5_7MarTo17Apr,Ok,false,Sylvilagus audubonii,1,,0,false,false,false,false,false,, 2021-03-31 13:49:04,
03310165.JPG,,SC5_7MarTo17Apr,Ok,true,,0,,0,false,false,false,false,false,, 2021-03-31 14:14:09,
03310166.JPG,,SC5_7MarTo17Apr,Ok,false,Sylvilagus audubonii,1,,0,false,false,false,false,false,, 2021-03-31 14:39:35,
03310167.JPG,,SC5_7MarTo17Apr,Ok,false,Sylvilagus audubonii,2,,0,false,false,false,false,false,, 2021-03-31 14:40:51,
03310168.JPG,,SC5_7MarTo17Apr,Ok,false,Sylvilagus audubonii,1,,0,false,false,false,false,false,, 2021-03-31 14:42:50,
03310169.JPG,,SC5_7MarTo17Apr,Ok,true,,0,,0,false,false,false,false,false,, 2021-03-31 15:30:16,
03310170.JPG,,SC5_7MarTo17Apr,Ok,false,Sylvilagus audubonii,1,,0,false,false,false,false,false,, 2021-03-31 16:24:34,
04010171.JPG,,SC5_7MarTo17Apr,Ok,true,,0,,0,false,false,false,false,false,, 2021-04-01 12:21:27,
04010172.JPG,,SC5_7MarTo17Apr,Ok,false,Sylvilagus audubonii,1,,0,false,false,false,false,false,, 2021-04-01 14:23:46,
04010173.JPG,,SC5_7MarTo17Apr,Ok,false,Sylvilagus audubonii,1,,0,false,false,false,false,false,, 2021-04-01 14:24:52,
04010174.JPG,,SC5_7MarTo17Apr,Ok,true,,0,,0,false,false,false,false,false,, 2021-04-01 15:18:13,
04010175.JPG,,SC5_7MarTo17Apr,Ok,true,,0,,0,false,false,false,false,false,, 2021-04-01 15:20:25,
04010176.JPG,,SC5_7MarTo17Apr,Ok,false,Sylvilagus audubonii,1,,0,false,false,false,false,false,, 2021-04-01 15:21:02,
04010177.JPG,,SC5_7MarTo17Apr,Ok,true,,0,,0,false,false,false,false,false,, 2021-04-01 15:25:00,
04010178.JPG,,SC5_7MarTo17Apr,Ok,false,Canis latrans,1,,0,false,false,false,false,false,, 2021-04-01 22:22:22,
04020179.JPG,,SC5_7MarTo17Apr,Ok,false,Homo sapien,1,,0,false,false,false,false,false,, 2021-04-02 08:44:11,
04020180.JPG,,SC5_7MarTo17Apr,Ok,true,,0,,0,false,false,false,false,false,, 2021-04-02 14:31:35,
04020181.JPG,,SC5_7MarTo17Apr,Ok,true,,0,,0,false,false,false,false,false,, 2021-04-02 14:33:05,
04020182.JPG,,SC5_7MarTo17Apr,Ok,true,,0,,0,false,false,false,false,false,, 2021-04-02 14:40:39,
04020183.JPG,,SC5_7MarTo17Apr,Ok,false,Sylvilagus audubonii,1,,0,false,false,false,false,false,, 2021-04-02 15:10:03,
04030184.JPG,,SC5_7MarTo17Apr,Ok,false,Canis latrans,1,,0,false,false,false,false,false,, 2021-04-03 03:03:27,
04030185.JPG,,SC5_7MarTo17Apr,Ok,false,Sylvilagus audubonii,1,,0,false,false,false,false,false,, 2021-04-03 05:47:09,
04030186.JPG,,SC5_7MarTo17Apr,Ok,false,Sylvilagus audubonii,2,,0,false,false,false,false,false,, 2021-04-03 15:00:18,
04030187.JPG,,SC5_7MarTo17Apr,Ok,false,Sylvilagus audubonii,1,,0,false,false,false,false,false,, 2021-04-03 15:06:13,
04030188.JPG,,SC5_7MarTo17Apr,Ok,true,,0,,0,false,false,false,false,false,, 2021-04-03 15:07:06,
04040189.JPG,,SC5_7MarTo17Apr,Ok,true,Zenaida macroura,1,,0,false,false,false,false,false,, 2021-04-04 11:00:18,
04040190.JPG,,SC5_7MarTo17Apr,Ok,true,,0,,0,false,false,false,false,false,, 2021-04-04 12:29:27,
04040191.JPG,,SC5_7MarTo17Apr,Ok,true,,0,,0,false,false,false,false,false,, 2021-04-04 12:30:02,
04040192.JPG,,SC5_7MarTo17Apr,Ok,true,,0,,0,false,false,false,false,false,, 2021-04-04 12:30:47,
04040193.JPG,,SC5_7MarTo17Apr,Ok,false,Sylvilagus audubonii,1,,0,false,false,false,false,false,, 2021-04-04 13:06:54,
04040194.JPG,,SC5_7MarTo17Apr,Ok,false,Sylvilagus audubonii,1,,0,false,false,false,false,false,, 2021-04-04 13:07:33,
04040195.JPG,,SC5_7MarTo17Apr,Ok,false,Zenaida macroura,1,,0,false,false,false,false,false,, 2021-04-04 14:23:35,
04040196.JPG,,SC5_7MarTo17Apr,Ok,false,Geococcyx californianus,1,,0,false,false,false,false,false,, 2021-04-04 15:01:17,
04040197.JPG,,SC5_7MarTo17Apr,Ok,false,Zenaida macroura,1,,0,false,false,false,false,false,, 2021-04-04 15:27:35,
04040198.JPG,,SC5_7MarTo17Apr,Ok,true,,0,,0,false,false,false,false,false,, 2021-04-04 15:34:15,
04050199.JPG,,SC5_7MarTo17Apr,Ok,false,Canis latrans,1,,0,false,false,false,false,false,, 2021-04-05 02:01:26,
04050200.JPG,,SC5_7MarTo17Apr,Ok,false,Canis latrans,1,,0,false,false,false,false,false,, 2021-04-05 02:02:24,
04050201.JPG,,SC5_7MarTo17Apr,Ok,false,Zenaida macroura,1,,0,false,false,false,false,false,, 2021-04-05 12:24:22,
04050202.JPG,,SC5_7MarTo17Apr,Ok,false,Sylvilagus audubonii,1,,0,false,false,false,false,false,, 2021-04-05 14:01:18,
04050203.JPG,,SC5_7MarTo17Apr,Ok,false,Sylvilagus audubonii,1,,0,false,false,false,false,false,, 2021-04-05 15:03:11,
04050204.JPG,,SC5_7MarTo17Apr,Ok,true,,0,,0,false,false,false,false,false,, 2021-04-05 15:03:55,
04050205.JPG,,SC5_7MarTo17Apr,Ok,false,Sylvilagus audubonii,1,,0,false,false,false,false,false,, 2021-04-05 15:07:10,
04050206.JPG,,SC5_7MarTo17Apr,Ok,true,,0,,0,false,false,false,false,false,, 2021-04-05 15:16:07,
04050207.JPG,,SC5_7MarTo17Apr,Ok,true,,0,,0,false,false,false,false,false,, 2021-04-05 15:19:40,
04050208.JPG,,SC5_7MarTo17Apr,Ok,false,Sylvilagus audubonii,1,,0,false,false,false,false,false,, 2021-04-05 15:26:52,
04050209.JPG,,SC5_7MarTo17Apr,Ok,true,,0,,0,false,false,false,false,false,, 2021-04-05 15:32:14,
04050210.JPG,,SC5_7MarTo17Apr,Ok,false,Sylvilagus audubonii,1,,0,false,false,false,false,false,, 2021-04-05 15:34:06,
04050211.JPG,,SC5_7MarTo17Apr,Ok,false,Sylvilagus audubonii,1,,0,false,false,false,false,false,, 2021-04-05 15:35:29,
04050212.JPG,,SC5_7MarTo17Apr,Ok,true,,0,,0,false,false,false,false,false,, 2021-04-05 15:45:27,
04050213.JPG,,SC5_7MarTo17Apr,Ok,true,,0,,0,false,false,false,false,false,, 2021-04-05 15:46:07,
04050214.JPG,,SC5_7MarTo17Apr,Ok,true,,0,,0,false,false,false,false,false,, 2021-04-05 16:05:37,
04060215.JPG,,SC5_7MarTo17Apr,Ok,false,Canis latrans,1,,0,false,false,false,false,false,, 2021-04-06 02:47:09,
04060216.JPG,,SC5_7MarTo17Apr,Ok,false,Canis latrans,1,,0,false,false,false,false,false,, 2021-04-06 06:38:27,
04060217.JPG,,SC5_7MarTo17Apr,Ok,true,,0,,0,false,false,false,false,false,, 2021-04-06 13:48:16,
04060218.JPG,,SC5_7MarTo17Apr,Ok,false,Sylvilagus audubonii,1,,0,false,false,false,false,false,, 2021-04-06 13:52:33,
04060219.JPG,,SC5_7MarTo17Apr,Ok,false,Sylvilagus audubonii,1,,0,false,false,false,false,false,, 2021-04-06 14:28:47,
04060220.JPG,,SC5_7MarTo17Apr,Ok,true,,0,,0,false,false,false,false,false,, 2021-04-06 14:49:17,
04060221.JPG,,SC5_7MarTo17Apr,Ok,true,,0,,0,false,false,false,false,false,, 2021-04-06 15:10:29,
04060222.JPG,,SC5_7MarTo17Apr,Ok,false,Haemorhous mexicanus,1,,0,false,false,false,false,false,, 2021-04-06 15:21:23,
04060223.JPG,,SC5_7MarTo17Apr,Ok,false,Haemorhous mexicanus,1,,0,false,false,false,false,false,, 2021-04-06 15:24:22,
04060224.JPG,,SC5_7MarTo17Apr,Ok,true,,0,,0,false,false,false,false,false,, 2021-04-06 15:57:04,
04060225.JPG,,SC5_7MarTo17Apr,Ok,false,Haemorhous mexicanus,3,,0,false,false,false,false,false,, 2021-04-06 16:00:16,
04060226.JPG,,SC5_7MarTo17Apr,Ok,true,,0,,0,false,false,false,false,false,, 2021-04-06 16:02:54,
04060227.JPG,,SC5_7MarTo17Apr,Ok,false,Haemorhous mexicanus,1,,0,false,false,false,false,false,, 2021-04-06 16:04:09,
04060228.JPG,,SC5_7MarTo17Apr,Ok,true,,0,,0,false,false,false,false,false,, 2021-04-06 16:19:44,
04060229.JPG,,SC5_7MarTo17Apr,Ok,true,,0,,0,false,false,false,false,false,, 2021-04-06 16:23:48,
04060230.JPG,,SC5_7MarTo17Apr,Ok,true,,0,,0,false,false,false,false,false,, 2021-04-06 16:24:37,
04060231.JPG,,SC5_7MarTo17Apr,Ok,true,,0,,0,false,false,false,false,false,, 2021-04-06 16:35:00,
04060232.JPG,,SC5_7MarTo17Apr,Ok,true,,0,,0,false,false,false,false,false,, 2021-04-06 16:41:59,
04070233.JPG,,SC5_7MarTo17Apr,Ok,false,Lynx rufus,1,,0,false,false,false,false,false,, 2021-04-07 05:41:13,
04070234.JPG,,SC5_7MarTo17Apr,Ok,false,Haemorhous mexicanus,2,,0,false,false,false,false,false,, 2021-04-07 10:05:04,
04070235.JPG,,SC5_7MarTo17Apr,Ok,false,Haemorhous mexicanus,2,,0,false,false,false,false,false,, 2021-04-07 10:07:43,
04070236.JPG,,SC5_7MarTo17Apr,Ok,false,Haemorhous mexicanus,2,,0,false,false,false,false,false,, 2021-04-07 10:12:49,
04070237.JPG,,SC5_7MarTo17Apr,Ok,true,,0,,0,false,false,false,false,true,, 2021-04-07 10:22:32,
04070238.JPG,,SC5_7MarTo17Apr,Ok,true,,0,,0,false,false,false,false,true,, 2021-04-07 10:23:06,
04070239.JPG,,SC5_7MarTo17Apr,Ok,true,,0,,0,false,false,false,false,true,, 2021-04-07 10:23:42,
04070240.JPG,,SC5_7MarTo17Apr,Ok,true,,0,,0,false,false,false,false,true,, 2021-04-07 10:24:16,
04070241.JPG,,SC5_7MarTo17Apr,Ok,true,,0,,0,false,false,false,false,true,, 2021-04-07 10:24:50,
04070001.JPG,,SC5_7MarTo17Apr,Ok,true,,0,,0,false,false,false,false,true,, 2021-04-07 10:38:50,
04070002.JPG,,SC5_7MarTo17Apr,Ok,true,,0,,0,false,false,false,false,true,, 2021-04-07 10:39:25,
04070003.JPG,,SC5_7MarTo17Apr,Ok,true,,0,,0,false,false,false,false,true,, 2021-04-07 10:39:59,
04070004.JPG,,SC5_7MarTo17Apr,Ok,true,,0,,0,false,false,false,false,true,, 2021-04-07 10:40:33,
04070005.JPG,,SC5_7MarTo17Apr,Ok,true,,0,,0,false,false,false,false,true,, 2021-04-07 10:41:07,
04070006.JPG,,SC5_7MarTo17Apr,Ok,true,,0,,0,false,false,false,false,true,, 2021-04-07 10:41:41,
04070007.JPG,,SC5_7MarTo17Apr,Ok,true,,0,,0,false,false,false,false,true,, 2021-04-07 10:42:17,
04070008.JPG,,SC5_7MarTo17Apr,Ok,true,,0,,0,false,false,false,false,true,, 2021-04-07 10:42:53,
04070009.JPG,,SC5_7MarTo17Apr,Ok,true,,0,,0,false,false,false,false,true,, 2021-04-07 10:43:28,
04070010.JPG,,SC5_7MarTo17Apr,Ok,true,,0,,0,false,false,false,false,true,, 2021-04-07 10:44:03,
04070011.JPG,,SC5_7MarTo17Apr,Ok,true,,0,,0,false,false,false,false,true,, 2021-04-07 10:44:37,
04070012.JPG,,SC5_7MarTo17Apr,Ok,true,,0,,0,false,false,false,false,true,, 2021-04-07 10:45:11,
04070013.JPG,,SC5_7MarTo17Apr,Ok,false,Zenaida macroura,1,Haemorhous mexicanus,1,false,false,false,false,false,, 2021-04-07 11:05:33,
04070014.JPG,,SC5_7MarTo17Apr,Ok,false,Zenaida macroura,1,,0,false,false,false,false,false,, 2021-04-07 11:07:15,
04070015.JPG,,SC5_7MarTo17Apr,Ok,false,Zenaida macroura,1,Haemorhous mexicanus,1,false,false,false,false,false,, 2021-04-07 11:07:51,
04070016.JPG,,SC5_7MarTo17Apr,Ok,true,,0,,0,false,false,false,false,false,, 2021-04-07 14:07:31,
04070017.JPG,,SC5_7MarTo17Apr,Ok,true,,0,,0,false,false,false,false,false,, 2021-04-07 14:53:01,
04070018.JPG,,SC5_7MarTo17Apr,Ok,false,Sylvilagus audubonii,0,,0,false,false,false,false,false,, 2021-04-07 15:12:22,
04070019.JPG,,SC5_7MarTo17Apr,Ok,false,Sylvilagus audubonii,0,,0,false,false,false,false,false,, 2021-04-07 15:37:42,
04070020.JPG,,SC5_7MarTo17Apr,Ok,true,,0,,0,false,false,false,false,false,, 2021-04-07 15:43:22,
04070021.JPG,,SC5_7MarTo17Apr,Ok,false,Homo sapien,0,,0,false,false,false,false,false,, 2021-04-07 17:31:44,
04080022.JPG,,SC5_7MarTo17Apr,Ok,false,Haemorhous mexicanus,1,,0,false,false,false,false,false,, 2021-04-08 09:26:53,
04080023.JPG,,SC5_7MarTo17Apr,Ok,false,Haemorhous mexicanus,2,,0,false,false,false,false,false,, 2021-04-08 10:08:50,
04080024.JPG,,SC5_7MarTo17Apr,Ok,true,,0,,0,false,false,false,false,false,, 2021-04-08 12:26:36,
04080025.JPG,,SC5_7MarTo17Apr,Ok,true,,0,,0,false,false,false,false,false,, 2021-04-08 12:28:10,
04080026.JPG,,SC5_7MarTo17Apr,Ok,true,,0,,0,false,false,false,false,false,, 2021-04-08 12:37:05,
04080027.JPG,,SC5_7MarTo17Apr,Ok,true,,0,,0,false,false,false,false,false,, 2021-04-08 12:37:53,
04080028.JPG,,SC5_7MarTo17Apr,Ok,false,Zenaida asiatica,1,,0,false,false,false,false,false,, 2021-04-08 14:03:11,
04080029.JPG,,SC5_7MarTo17Apr,Ok,false,Sylvilagus audubonii,1,,0,false,false,false,false,false,, 2021-04-08 14:24:05,
04080030.JPG,,SC5_7MarTo17Apr,Ok,false,Sylvilagus audubonii,1,,0,false,false,false,false,false,, 2021-04-08 14:26:21,
04080031.JPG,,SC5_7MarTo17Apr,Ok,false,Sylvilagus audubonii,1,,0,false,false,false,false,false,, 2021-04-08 15:07:50,
04080032.JPG,,SC5_7MarTo17Apr,Ok,false,Sylvilagus audubonii,1,,0,false,false,false,false,false,, 2021-04-08 15:20:59,
04080033.JPG,,SC5_7MarTo17Apr,Ok,true,,0,,0,false,false,false,false,false,, 2021-04-08 15:31:22,
04080034.JPG,,SC5_7MarTo17Apr,Ok,false,Sylvilagus audubonii,1,,0,false,false,false,false,false,, 2021-04-08 16:01:38,
04080035.JPG,,SC5_7MarTo17Apr,Ok,false,Pipilo aberti,1,,0,false,false,false,false,false,, 2021-04-08 16:19:32,
04080036.JPG,,SC5_7MarTo17Apr,Ok,false,Otospermophilus variegatus,1,,0,false,false,false,false,false,, 2021-04-08 16:25:32,
04090037.JPG,,SC5_7MarTo17Apr,Ok,true,,0,,0,false,false,false,false,false,, 2021-04-09 10:33:19,
04090038.JPG,,SC5_7MarTo17Apr,Ok,false,Homo sapien,1,,0,false,false,false,false,false,, 2021-04-09 10:53:44,
04090039.JPG,,SC5_7MarTo17Apr,Ok,false,Sylvilagus audubonii,1,,0,false,false,false,false,false,, 2021-04-09 12:45:33,
04090040.JPG,,SC5_7MarTo17Apr,Ok,false,Sylvilagus audubonii,1,,0,false,false,false,false,false,, 2021-04-09 13:54:02,
04090041.JPG,,SC5_7MarTo17Apr,Ok,false,Pipilo aberti,1,,0,false,false,false,false,false,, 2021-04-09 15:09:18,
04090042.JPG,,SC5_7MarTo17Apr,Ok,false,Sylvilagus audubonii,1,,0,false,false,false,false,false,, 2021-04-09 15:12:24,
04090043.JPG,,SC5_7MarTo17Apr,Ok,false,Sylvilagus audubonii,1,,0,false,false,false,false,false,, 2021-04-09 15:13:01,
04090044.JPG,,SC5_7MarTo17Apr,Ok,false,Sylvilagus audubonii,2,,0,false,false,false,false,false,, 2021-04-09 15:15:01,
04090045.JPG,,SC5_7MarTo17Apr,Ok,false,Sylvilagus audubonii,1,,0,false,false,false,false,false,, 2021-04-09 15:15:37,
04090046.JPG,,SC5_7MarTo17Apr,Ok,false,Sylvilagus audubonii,1,,0,false,false,false,false,false,, 2021-04-09 15:25:17,
04090047.JPG,,SC5_7MarTo17Apr,Ok,true,,0,,0,false,false,false,false,false,, 2021-04-09 15:30:53,
04090048.JPG,,SC5_7MarTo17Apr,Ok,true,,0,,0,false,false,false,false,false,, 2021-04-09 15:38:11,
04090049.JPG,,SC5_7MarTo17Apr,Ok,false,Sylvilagus audubonii,1,,0,false,false,false,false,false,, 2021-04-09 15:50:30,
04090050.JPG,,SC5_7MarTo17Apr,Ok,true,,0,,0,false,false,false,false,false,, 2021-04-09 15:51:24,
04090051.JPG,,SC5_7MarTo17Apr,Ok,true,,0,,0,false,false,false,false,false,, 2021-04-09 21:32:41,
04100052.JPG,,SC5_7MarTo17Apr,Ok,false,Haemorhous mexicanus,1,,0,false,false,false,false,false,, 2021-04-10 11:48:42,
04100053.JPG,,SC5_7MarTo17Apr,Ok,false,Sylvilagus audubonii,1,,0,false,false,false,false,false,, 2021-04-10 12:20:29,
04100054.JPG,,SC5_7MarTo17Apr,Ok,false,Sylvilagus audubonii,1,,0,false,false,false,false,false,, 2021-04-10 12:23:39,
04100055.JPG,,SC5_7MarTo17Apr,Ok,false,Sylvilagus audubonii,1,,0,false,false,false,false,false,, 2021-04-10 13:31:54,
04100056.JPG,,SC5_7MarTo17Apr,Ok,false,Sylvilagus audubonii,1,,0,false,false,false,false,false,, 2021-04-10 14:06:34,
04100057.JPG,,SC5_7MarTo17Apr,Ok,true,,0,,0,false,false,false,false,false,, 2021-04-10 14:07:10,
04100058.JPG,,SC5_7MarTo17Apr,Ok,false,Sylvilagus audubonii,1,,0,false,false,false,false,false,, 2021-04-10 14:08:53,
04100059.JPG,,SC5_7MarTo17Apr,Ok,false,Sylvilagus audubonii,1,,0,false,false,false,false,false,, 2021-04-10 15:03:00,
04100060.JPG,,SC5_7MarTo17Apr,Ok,true,,0,,0,false,false,false,false,false,, 2021-04-10 15:03:50,
04100061.JPG,,SC5_7MarTo17Apr,Ok,false,Sylvilagus audubonii,1,,0,false,false,false,false,false,, 2021-04-10 15:04:28,
04100062.JPG,,SC5_7MarTo17Apr,Ok,true,,0,,0,false,false,false,false,false,, 2021-04-10 15:05:10,
04100063.JPG,,SC5_7MarTo17Apr,Ok,false,Sylvilagus audubonii,1,,0,false,false,false,false,false,, 2021-04-10 15:08:29,
04100064.JPG,,SC5_7MarTo17Apr,Ok,true,,0,,0,false,false,false,false,false,, 2021-04-10 15:09:08,
04100065.JPG,,SC5_7MarTo17Apr,Ok,false,Sylvilagus audubonii,1,,0,false,false,false,false,false,, 2021-04-10 15:09:59,
04100066.JPG,,SC5_7MarTo17Apr,Ok,true,,0,,0,false,false,false,false,false,, 2021-04-10 15:10:49,
04100067.JPG,,SC5_7MarTo17Apr,Ok,false,Sylvilagus audubonii,1,,0,false,false,false,false,false,, 2021-04-10 15:11:23,
04100068.JPG,,SC5_7MarTo17Apr,Ok,false,Sylvilagus audubonii,1,,0,false,false,false,false,false,, 2021-04-10 17:28:19,
04100069.JPG,,SC5_7MarTo17Apr,Ok,false,Pecari tajacu,1,,0,false,false,false,false,false,, 2021-04-10 19:56:40,
04100070.JPG,,SC5_7MarTo17Apr,Ok,false,Pecari tajacu,1,,0,false,false,false,false,false,, 2021-04-10 19:57:33,
04110071.JPG,,SC5_7MarTo17Apr,Ok,true,,0,,0,false,false,false,false,false,, 2021-04-11 04:37:09,
04110072.JPG,,SC5_7MarTo17Apr,Ok,true,,0,,0,false,false,false,false,false,, 2021-04-11 10:17:57,
04110073.JPG,,SC5_7MarTo17Apr,Ok,false,Sylvilagus audubonii,1,,0,false,false,false,false,false,, 2021-04-11 11:08:23,
04110074.JPG,,SC5_7MarTo17Apr,Ok,true,,0,,0,false,false,false,false,false,, 2021-04-11 12:28:01,
04110075.JPG,,SC5_7MarTo17Apr,Ok,false,Sylvilagus audubonii,1,,0,false,false,false,false,false,, 2021-04-11 12:45:29,
04110076.JPG,,SC5_7MarTo17Apr,Ok,false,Sylvilagus audubonii,1,,0,false,false,false,false,false,, 2021-04-11 14:16:18,
04110077.JPG,,SC5_7MarTo17Apr,Ok,false,Sylvilagus audubonii,1,,0,false,false,false,false,false,, 2021-04-11 14:25:33,
04110078.JPG,,SC5_7MarTo17Apr,Ok,false,Sylvilagus audubonii,2,,0,false,false,false,false,false,, 2021-04-11 14:38:12,
04110079.JPG,,SC5_7MarTo17Apr,Ok,true,,0,,0,false,false,false,false,false,, 2021-04-11 14:41:35,
04110080.JPG,,SC5_7MarTo17Apr,Ok,true,,0,,0,false,false,false,false,false,, 2021-04-11 15:17:45,
04110081.JPG,,SC5_7MarTo17Apr,Ok,false,Sylvilagus audubonii,1,,0,false,false,false,false,false,, 2021-04-11 15:29:46,
04110082.JPG,,SC5_7MarTo17Apr,Ok,false,Sylvilagus audubonii,1,,0,false,false,false,false,false,, 2021-04-11 15:48:35,
04110083.JPG,,SC5_7MarTo17Apr,Ok,true,,0,,0,false,false,false,false,false,, 2021-04-11 15:49:14,
04110084.JPG,,SC5_7MarTo17Apr,Ok,true,,0,,0,false,false,false,false,false,, 2021-04-11 18:41:57,
04120085.JPG,,SC5_7MarTo17Apr,Ok,true,,0,,0,false,false,false,false,false,, 2021-04-12 09:58:37,
04120086.JPG,,SC5_7MarTo17Apr,Ok,false,Zenaida macroura,1,,0,false,false,false,false,false,, 2021-04-12 10:48:26,
04120087.JPG,,SC5_7MarTo17Apr,Ok,false,Sylvilagus audubonii,1,,0,false,false,false,false,false,, 2021-04-12 14:10:00,
04120088.JPG,,SC5_7MarTo17Apr,Ok,false,Otospermophilus variegatus,1,,0,false,false,false,false,false,, 2021-04-12 15:55:52,
04120089.JPG,,SC5_7MarTo17Apr,Ok,false,Canis familiaris,1,,0,false,false,false,false,false,, 2021-04-12 18:34:11,
04130090.JPG,,SC5_7MarTo17Apr,Ok,true,,0,,0,false,false,false,false,false,, 2021-04-13 04:06:40,
04130091.JPG,,SC5_7MarTo17Apr,Ok,false,Haemorhous mexicanus,1,,0,false,false,false,false,false,, 2021-04-13 10:00:19,
04130092.JPG,,SC5_7MarTo17Apr,Ok,true,,0,,0,false,false,false,false,false,, 2021-04-13 12:06:05,
04130093.JPG,,SC5_7MarTo17Apr,Ok,false,,0,,0,false,false,true,false,false,, 2021-04-13 18:51:28,
04130094.JPG,,SC5_7MarTo17Apr,Ok,false,,0,,0,false,false,true,false,false,, 2021-04-13 18:52:22,
04140095.JPG,,SC5_7MarTo17Apr,Ok,false,Urocyon cinereoargenteus,1,,0,false,false,false,false,false,, 2021-04-14 02:39:59,
04140096.JPG,,SC5_7MarTo17Apr,Ok,true,,0,,0,false,false,false,false,false,, 2021-04-14 03:32:07,
04140097.JPG,,SC5_7MarTo17Apr,Ok,true,,0,,0,false,false,false,false,false,, 2021-04-14 04:00:57,
04140098.JPG,,SC5_7MarTo17Apr,Ok,true,,0,,0,false,false,false,false,false,, 2021-04-14 04:43:54,
04140099.JPG,,SC5_7MarTo17Apr,Ok,true,,0,,0,false,false,false,false,false,, 2021-04-14 09:33:16,
04140100.JPG,,SC5_7MarTo17Apr,Ok,false,Pipilo aberti,1,,0,false,false,false,false,false,, 2021-04-14 12:11:08,
04140101.JPG,,SC5_7MarTo17Apr,Ok,false,Zenaida macroura,1,,0,false,false,false,false,false,, 2021-04-14 13:09:38,
04140102.JPG,,SC5_7MarTo17Apr,Ok,false,Pipilo aberti,1,,0,false,false,false,false,false,, 2021-04-14 13:16:23,
04140103.JPG,,SC5_7MarTo17Apr,Ok,true,,0,,0,false,false,false,false,false,, 2021-04-14 13:22:29,
04140104.JPG,,SC5_7MarTo17Apr,Ok,true,,0,,0,false,false,false,false,false,, 2021-04-14 13:25:55,
04140105.JPG,,SC5_7MarTo17Apr,Ok,false,Sylvilagus audubonii,1,,0,false,false,false,false,false,, 2021-04-14 13:55:05,
04140106.JPG,,SC5_7MarTo17Apr,Ok,false,Zenaida macroura,2,,0,false,false,false,false,false,, 2021-04-14 13:56:11,
04140107.JPG,,SC5_7MarTo17Apr,Ok,true,,0,,0,false,false,false,false,false,, 2021-04-14 15:56:25,
04150108.JPG,,SC5_7MarTo17Apr,Ok,true,,0,,0,false,false,false,false,false,, 2021-04-15 03:11:02,
04150109.JPG,,SC5_7MarTo17Apr,Ok,false,Pipilo aberti,1,,0,false,false,false,false,false,, 2021-04-15 13:00:50,
04150110.JPG,,SC5_7MarTo17Apr,Ok,false,Sylvilagus audubonii,1,,0,false,false,false,false,false,, 2021-04-15 13:38:50,
04150111.JPG,,SC5_7MarTo17Apr,Ok,false,Sylvilagus audubonii,1,,0,false,false,false,false,false,, 2021-04-15 13:51:43,
04150112.JPG,,SC5_7MarTo17Apr,Ok,true,,0,,0,false,false,false,false,false,, 2021-04-15 14:15:49,
04150113.JPG,,SC5_7MarTo17Apr,Ok,false,Pipilo aberti,1,,0,false,false,false,false,false,, 2021-04-15 14:25:18,
04150114.JPG,,SC5_7MarTo17Apr,Ok,false,Sylvilagus audubonii,1,,0,false,false,false,false,false,, 2021-04-15 15:06:25,
04150115.JPG,,SC5_7MarTo17Apr,Ok,false,Sylvilagus audubonii,1,,0,false,false,false,false,false,, 2021-04-15 15:09:05,
04150116.JPG,,SC5_7MarTo17Apr,Ok,false,Sylvilagus audubonii,1,,0,false,false,false,false,false,, 2021-04-15 15:18:45,
04150117.JPG,,SC5_7MarTo17Apr,Ok,true,,0,,0,false,false,false,false,false,, 2021-04-15 15:29:22,
04150118.JPG,,SC5_7MarTo17Apr,Ok,false,Sylvilagus audubonii,1,,0,false,false,false,false,false,, 2021-04-15 15:52:55,
04150119.JPG,,SC5_7MarTo17Apr,Ok,false,Sylvilagus audubonii,1,,0,false,false,false,false,false,, 2021-04-15 15:59:37,
04150120.JPG,,SC5_7MarTo17Apr,Ok,false,Zenaida macroura,1,,0,false,false,false,false,false,, 2021-04-15 17:57:53,
04160121.JPG,,SC5_7MarTo17Apr,Ok,false,Haemorhous mexicanus,2,,0,false,false,false,false,false,, 2021-04-16 09:38:54,
04160122.JPG,,SC5_7MarTo17Apr,Ok,false,Haemorhous mexicanus,2,,0,false,false,false,false,false,, 2021-04-16 09:41:02,
04160123.JPG,,SC5_7MarTo17Apr,Ok,false,Sylvilagus audubonii,1,,0,false,false,false,false,false,, 2021-04-16 12:15:41,
04160124.JPG,,SC5_7MarTo17Apr,Ok,false,Sylvilagus audubonii,1,,0,false,false,false,false,false,, 2021-04-16 12:42:23,
04160125.JPG,,SC5_7MarTo17Apr,Ok,false,Sylvilagus audubonii,1,,0,false,false,false,false,false,, 2021-04-16 12:43:13,
04160126.JPG,,SC5_7MarTo17Apr,Ok,false,Sylvilagus audubonii,1,,0,false,false,false,false,false,, 2021-04-16 13:28:34,
04160127.JPG,,SC5_7MarTo17Apr,Ok,false,Sylvilagus audubonii,1,,0,false,false,false,false,false,, 2021-04-16 14:04:24,
04160128.JPG,,SC5_7MarTo17Apr,Ok,false,Haemorhous mexicanus,1,,0,false,false,false,false,false,, 2021-04-16 14:30:33,
04160129.JPG,,SC5_7MarTo17Apr,Ok,false,Sylvilagus audubonii,1,,0,false,false,false,false,false,, 2021-04-16 15:01:08,
04160130.JPG,,SC5_7MarTo17Apr,Ok,true,,0,,0,false,false,false,false,false,, 2021-04-16 17:22:51,
04170131.JPG,,SC5_7MarTo17Apr,Ok,false,Canis latrans,1,,0,false,false,false,false,false,, 2021-04-17 04:07:19,
04170132.JPG,,SC5_7MarTo17Apr,Ok,false,Sylvilagus audubonii,0,,0,false,false,false,false,false,, 2021-04-17 09:45:08,
04170133.JPG,,SC5_7MarTo17Apr,Ok,false,Sylvilagus audubonii,1,,0,false,false,false,false,false,, 2021-04-17 09:59:04,
04170134.JPG,,SC5_7MarTo17Apr,Ok,false,Sylvilagus audubonii,1,,0,false,false,false,false,false,, 2021-04-17 11:35:24,
04170135.JPG,,SC5_7MarTo17Apr,Ok,false,Zenaida macroura,1,,0,false,false,false,false,false,, 2021-04-17 13:18:52,
04170136.JPG,,SC5_7MarTo17Apr,Ok,false,Sylvilagus audubonii,1,,0,false,false,false,false,false,, 2021-04-17 14:30:51,
04170137.JPG,,SC5_7MarTo17Apr,Ok,false,Zenaida asiatica,1,,0,false,false,false,false,false,, 2021-04-17 14:51:41,
04170138.JPG,,SC5_7MarTo17Apr,Ok,true,,0,,0,false,false,false,false,false,, 2021-04-17 15:32:29,
04170139.JPG,,SC5_7MarTo17Apr,Ok,false,Homo sapien,1,,0,false,false,false,false,false,, 2021-04-17 15:33:03,
