File,RelativePath,Folder,Date,Time,ImageQuality,DeleteFlag,species1,species1count,species2,species2count,Flag,Water,OHV,Outreach,CamSetup,Note
01110013.JPG,SC6_11JanTo14Feb,Santa Cruz Camera 6,11-Jan-21,13:46:56,Ok,FALSE,,0,,0,FALSE,FALSE,FALSE,FALSE,TRUE,
01110014.JPG,SC6_11JanTo14Feb,Santa Cruz Camera 6,11-Jan-21,14:05:41,Ok,TRUE,,0,,0,FALSE,FALSE,FALSE,FALSE,FALSE,
01110015.JPG,SC6_11JanTo14Feb,Santa Cruz Camera 6,11-Jan-21,14:20:15,Ok,TRUE,,0,,0,FALSE,FALSE,FALSE,FALSE,FALSE,
01110016.JPG,SC6_11JanTo14Feb,Santa Cruz Camera 6,11-Jan-21,14:30:54,Ok,TRUE,,0,,0,FALSE,FALSE,FALSE,FALSE,FALSE,
01110017.JPG,SC6_11JanTo14Feb,Santa Cruz Camera 6,11-Jan-21,15:15:59,Ok,TRUE,,0,,0,FALSE,FALSE,FALSE,FALSE,FALSE,
01110018.JPG,SC6_11JanTo14Feb,Santa Cruz Camera 6,11-Jan-21,15:20:45,Ok,TRUE,,0,,0,FALSE,FALSE,FALSE,FALSE,FALSE,
01110019.JPG,SC6_11JanTo14Feb,Santa Cruz Camera 6,11-Jan-21,15:58:26,Ok,FALSE,,0,,0,FALSE,FALSE,FALSE,FALSE,FALSE,
01110020.JPG,SC6_11JanTo14Feb,Santa Cruz Camera 6,11-Jan-21,23:02:51,Ok,TRUE,,0,,0,FALSE,FALSE,FALSE,FALSE,FALSE,
01120021.JPG,SC6_11JanTo14Feb,Santa Cruz Camera 6,12-Jan-21,0:39:01,Ok,FALSE,Canis latrans,1,,0,FALSE,FALSE,FALSE,FALSE,FALSE,
01120022.JPG,SC6_11JanTo14Feb,Santa Cruz Camera 6,12-Jan-21,5:26:59,Ok,TRUE,,0,,0,FALSE,FALSE,FALSE,FALSE,FALSE,
01120023.JPG,SC6_11JanTo14Feb,Santa Cruz Camera 6,12-Jan-21,5:28:13,Ok,TRUE,,0,,0,FALSE,FALSE,FALSE,FALSE,FALSE,
01120024.JPG,SC6_11JanTo14Feb,Santa Cruz Camera 6,12-Jan-21,5:50:44,Ok,FALSE,Pecari tajacu,1,,0,FALSE,FALSE,FALSE,FALSE,FALSE,
01120025.JPG,SC6_11JanTo14Feb,Santa Cruz Camera 6,12-Jan-21,6:17:55,Ok,FALSE,Pecari tajacu,1,,0,FALSE,FALSE,FALSE,FALSE,FALSE,
01120026.JPG,SC6_11JanTo14Feb,Santa Cruz Camera 6,12-Jan-21,6:20:25,Ok,FALSE,Pecari tajacu,1,,0,FALSE,FALSE,FALSE,FALSE,FALSE,
01120027.JPG,SC6_11JanTo14Feb,Santa Cruz Camera 6,12-Jan-21,6:55:57,Ok,FALSE,Pecari tajacu,1,,0,FALSE,FALSE,FALSE,FALSE,FALSE,
01120028.JPG,SC6_11JanTo14Feb,Santa Cruz Camera 6,12-Jan-21,7:11:39,Ok,FALSE,Sylvilagus audubonii,1,,0,FALSE,FALSE,FALSE,FALSE,FALSE,
01120029.JPG,SC6_11JanTo14Feb,Santa Cruz Camera 6,12-Jan-21,7:12:21,Ok,TRUE,Sylvilagus audubonii,1,,0,FALSE,FALSE,FALSE,FALSE,FALSE,
01120030.JPG,SC6_11JanTo14Feb,Santa Cruz Camera 6,12-Jan-21,7:15:44,Ok,FALSE,Sylvilagus audubonii,1,,0,FALSE,FALSE,FALSE,FALSE,FALSE,
01120031.JPG,SC6_11JanTo14Feb,Santa Cruz Camera 6,12-Jan-21,7:19:20,Ok,FALSE,Sylvilagus audubonii,1,,0,FALSE,FALSE,FALSE,FALSE,FALSE,
01120032.JPG,SC6_11JanTo14Feb,Santa Cruz Camera 6,12-Jan-21,7:20:04,Ok,FALSE,Sylvilagus audubonii,1,,0,FALSE,FALSE,FALSE,FALSE,FALSE,
01120033.JPG,SC6_11JanTo14Feb,Santa Cruz Camera 6,12-Jan-21,7:22:52,Ok,FALSE,Sylvilagus audubonii,1,,0,FALSE,FALSE,FALSE,FALSE,FALSE,
01120034.JPG,SC6_11JanTo14Feb,Santa Cruz Camera 6,12-Jan-21,11:34:37,Ok,FALSE,Passer domesticus,1,,0,FALSE,FALSE,FALSE,FALSE,FALSE,
01120035.JPG,SC6_11JanTo14Feb,Santa Cruz Camera 6,12-Jan-21,12:56:48,Ok,FALSE,Sylvilagus audubonii,1,,0,FALSE,FALSE,FALSE,FALSE,FALSE,
01120036.JPG,SC6_11JanTo14Feb,Santa Cruz Camera 6,12-Jan-21,13:01:20,Ok,FALSE,Sylvilagus audubonii,1,,0,FALSE,FALSE,FALSE,FALSE,FALSE,
01120037.JPG,SC6_11JanTo14Feb,Santa Cruz Camera 6,12-Jan-21,13:06:05,Ok,TRUE,,0,,0,FALSE,FALSE,FALSE,FALSE,FALSE,
01120038.JPG,SC6_11JanTo14Feb,Santa Cruz Camera 6,12-Jan-21,13:47:25,Ok,FALSE,Sylvilagus audubonii,1,,0,FALSE,FALSE,FALSE,FALSE,FALSE,
01120039.JPG,SC6_11JanTo14Feb,Santa Cruz Camera 6,12-Jan-21,13:48:20,Ok,FALSE,Sylvilagus audubonii,1,,0,FALSE,FALSE,FALSE,FALSE,FALSE,
01120040.JPG,SC6_11JanTo14Feb,Santa Cruz Camera 6,12-Jan-21,14:24:32,Ok,FALSE,Strix hadorami,1,,0,FALSE,FALSE,FALSE,FALSE,FALSE,
01120041.JPG,SC6_11JanTo14Feb,Santa Cruz Camera 6,12-Jan-21,14:25:57,Ok,TRUE,,0,,0,FALSE,FALSE,FALSE,FALSE,FALSE,
01120042.JPG,SC6_11JanTo14Feb,Santa Cruz Camera 6,12-Jan-21,14:28:55,Ok,FALSE,Sylvilagus audubonii,1,,0,FALSE,FALSE,FALSE,FALSE,FALSE,
01120043.JPG,SC6_11JanTo14Feb,Santa Cruz Camera 6,12-Jan-21,14:30:08,Ok,FALSE,Sylvilagus audubonii,1,,0,FALSE,FALSE,FALSE,FALSE,FALSE,
01120044.JPG,SC6_11JanTo14Feb,Santa Cruz Camera 6,12-Jan-21,14:31:56,Ok,FALSE,Sylvilagus audubonii,1,,0,FALSE,FALSE,FALSE,FALSE,FALSE,
01120045.JPG,SC6_11JanTo14Feb,Santa Cruz Camera 6,12-Jan-21,17:56:54,Ok,FALSE,Sylvilagus audubonii,1,,0,FALSE,FALSE,FALSE,FALSE,FALSE,
01120046.JPG,SC6_11JanTo14Feb,Santa Cruz Camera 6,12-Jan-21,18:03:39,Ok,FALSE,Pecari tajacu,1,,0,FALSE,FALSE,FALSE,FALSE,FALSE,
01120047.JPG,SC6_11JanTo14Feb,Santa Cruz Camera 6,12-Jan-21,18:04:10,Ok,TRUE,Pecari tajacu,1,,0,FALSE,FALSE,FALSE,FALSE,FALSE,
01120048.JPG,SC6_11JanTo14Feb,Santa Cruz Camera 6,12-Jan-21,18:22:14,Ok,TRUE,,0,,0,FALSE,FALSE,FALSE,FALSE,FALSE,
01120049.JPG,SC6_11JanTo14Feb,Santa Cruz Camera 6,12-Jan-21,18:51:39,Ok,FALSE,Sylvilagus audubonii,1,,0,FALSE,FALSE,FALSE,FALSE,FALSE,
01130050.JPG,SC6_11JanTo14Feb,Santa Cruz Camera 6,13-Jan-21,5:20:25,Ok,TRUE,,0,,0,FALSE,FALSE,FALSE,FALSE,FALSE,
01130051.JPG,SC6_11JanTo14Feb,Santa Cruz Camera 6,13-Jan-21,7:04:00,Ok,TRUE,,0,,0,FALSE,FALSE,FALSE,FALSE,FALSE,
01130052.JPG,SC6_11JanTo14Feb,Santa Cruz Camera 6,13-Jan-21,7:04:31,Ok,FALSE,Sylvilagus audubonii,1,,0,FALSE,FALSE,FALSE,FALSE,FALSE,
01130053.JPG,SC6_11JanTo14Feb,Santa Cruz Camera 6,13-Jan-21,7:05:23,Ok,FALSE,,0,,0,FALSE,FALSE,FALSE,FALSE,FALSE,
01130054.JPG,SC6_11JanTo14Feb,Santa Cruz Camera 6,13-Jan-21,7:11:33,Ok,FALSE,Sylvilagus audubonii,1,,0,FALSE,FALSE,FALSE,FALSE,FALSE,
01130055.JPG,SC6_11JanTo14Feb,Santa Cruz Camera 6,13-Jan-21,15:56:12,Ok,TRUE,,0,,0,FALSE,FALSE,FALSE,FALSE,FALSE,
01140056.JPG,SC6_11JanTo14Feb,Santa Cruz Camera 6,14-Jan-21,3:56:57,Ok,TRUE,,0,,0,FALSE,FALSE,FALSE,FALSE,FALSE,
01140057.JPG,SC6_11JanTo14Feb,Santa Cruz Camera 6,14-Jan-21,8:10:32,Ok,FALSE,Homo sapien,1,,0,FALSE,FALSE,FALSE,FALSE,FALSE,
01140058.JPG,SC6_11JanTo14Feb,Santa Cruz Camera 6,14-Jan-21,8:11:03,Ok,TRUE,Homo sapien,1,,0,FALSE,FALSE,FALSE,FALSE,FALSE,
01140059.JPG,SC6_11JanTo14Feb,Santa Cruz Camera 6,14-Jan-21,8:32:31,Ok,TRUE,Homo sapien,1,,0,FALSE,FALSE,FALSE,FALSE,FALSE,
01150060.JPG,SC6_11JanTo14Feb,Santa Cruz Camera 6,15-Jan-21,6:00:44,Ok,TRUE,,0,,0,FALSE,FALSE,FALSE,FALSE,FALSE,
01150061.JPG,SC6_11JanTo14Feb,Santa Cruz Camera 6,15-Jan-21,9:24:34,Ok,TRUE,,0,,0,FALSE,FALSE,FALSE,FALSE,FALSE,
01150062.JPG,SC6_11JanTo14Feb,Santa Cruz Camera 6,15-Jan-21,12:29:27,Ok,FALSE,Sylvilagus audubonii,1,,0,FALSE,FALSE,FALSE,FALSE,FALSE,
01150063.JPG,SC6_11JanTo14Feb,Santa Cruz Camera 6,15-Jan-21,13:22:25,Ok,TRUE,,0,,0,FALSE,FALSE,FALSE,FALSE,FALSE,
01150064.JPG,SC6_11JanTo14Feb,Santa Cruz Camera 6,15-Jan-21,13:25:34,Ok,FALSE,Pipilo aberti,1,,0,FALSE,FALSE,FALSE,FALSE,FALSE,
01150065.JPG,SC6_11JanTo14Feb,Santa Cruz Camera 6,15-Jan-21,14:31:45,Ok,FALSE,Otospermophilus variegatus,1,,0,FALSE,FALSE,FALSE,FALSE,FALSE,
01150066.JPG,SC6_11JanTo14Feb,Santa Cruz Camera 6,15-Jan-21,15:06:11,Ok,FALSE,Pipilo aberti,1,,0,FALSE,FALSE,FALSE,FALSE,FALSE,
01150067.JPG,SC6_11JanTo14Feb,Santa Cruz Camera 6,15-Jan-21,16:43:16,Ok,TRUE,,0,,0,FALSE,FALSE,FALSE,FALSE,FALSE,
01150068.JPG,SC6_11JanTo14Feb,Santa Cruz Camera 6,15-Jan-21,17:51:16,Ok,FALSE,Sylvilagus audubonii,1,,0,FALSE,FALSE,FALSE,FALSE,FALSE,
01150069.JPG,SC6_11JanTo14Feb,Santa Cruz Camera 6,15-Jan-21,17:51:51,Ok,TRUE,Sylvilagus audubonii,1,,0,FALSE,FALSE,FALSE,FALSE,FALSE,
01160070.JPG,SC6_11JanTo14Feb,Santa Cruz Camera 6,16-Jan-21,10:54:47,Ok,TRUE,,0,,0,FALSE,FALSE,FALSE,FALSE,FALSE,
01160071.JPG,SC6_11JanTo14Feb,Santa Cruz Camera 6,16-Jan-21,13:00:59,Ok,FALSE,,0,,0,FALSE,FALSE,FALSE,FALSE,TRUE,
01160072.JPG,SC6_11JanTo14Feb,Santa Cruz Camera 6,16-Jan-21,13:20:33,Ok,FALSE,Amphispiza bilineata,2,,0,FALSE,FALSE,FALSE,FALSE,FALSE,
01160073.JPG,SC6_11JanTo14Feb,Santa Cruz Camera 6,16-Jan-21,13:28:31,Ok,TRUE,,0,,0,FALSE,FALSE,FALSE,FALSE,FALSE,
01160074.JPG,SC6_11JanTo14Feb,Santa Cruz Camera 6,16-Jan-21,13:31:14,Ok,TRUE,,0,,0,FALSE,FALSE,FALSE,FALSE,FALSE,
01160075.JPG,SC6_11JanTo14Feb,Santa Cruz Camera 6,16-Jan-21,13:31:47,Ok,FALSE,Passer domesticus,1,,0,FALSE,FALSE,FALSE,FALSE,FALSE,
01160076.JPG,SC6_11JanTo14Feb,Santa Cruz Camera 6,16-Jan-21,14:46:46,Ok,TRUE,,0,,0,FALSE,FALSE,FALSE,FALSE,FALSE,
01160077.JPG,SC6_11JanTo14Feb,Santa Cruz Camera 6,16-Jan-21,14:57:44,Ok,TRUE,,0,,0,FALSE,FALSE,FALSE,FALSE,FALSE,
01160078.JPG,SC6_11JanTo14Feb,Santa Cruz Camera 6,16-Jan-21,15:06:56,Ok,TRUE,,0,,0,FALSE,FALSE,FALSE,FALSE,FALSE,
01160079.JPG,SC6_11JanTo14Feb,Santa Cruz Camera 6,16-Jan-21,15:08:04,Ok,TRUE,,0,,0,FALSE,FALSE,FALSE,FALSE,FALSE,
01160080.JPG,SC6_11JanTo14Feb,Santa Cruz Camera 6,16-Jan-21,15:20:23,Ok,FALSE,Otospermophilus variegatus,1,,0,FALSE,FALSE,FALSE,FALSE,FALSE,
01160081.JPG,SC6_11JanTo14Feb,Santa Cruz Camera 6,16-Jan-21,15:21:26,Ok,TRUE,,0,,0,FALSE,FALSE,FALSE,FALSE,FALSE,
01160082.JPG,SC6_11JanTo14Feb,Santa Cruz Camera 6,16-Jan-21,15:25:38,Ok,TRUE,,0,,0,FALSE,FALSE,FALSE,FALSE,FALSE,
01160083.JPG,SC6_11JanTo14Feb,Santa Cruz Camera 6,16-Jan-21,15:26:16,Ok,TRUE,,0,,0,FALSE,FALSE,FALSE,FALSE,FALSE,
01170084.JPG,SC6_11JanTo14Feb,Santa Cruz Camera 6,17-Jan-21,7:06:44,Ok,FALSE,Sylvilagus audubonii,1,,0,FALSE,FALSE,FALSE,FALSE,FALSE,
01170085.JPG,SC6_11JanTo14Feb,Santa Cruz Camera 6,17-Jan-21,9:38:59,Ok,TRUE,,0,,0,FALSE,FALSE,FALSE,FALSE,FALSE,
01170086.JPG,SC6_11JanTo14Feb,Santa Cruz Camera 6,17-Jan-21,9:45:45,Ok,FALSE,,0,,0,FALSE,FALSE,FALSE,FALSE,TRUE,
01170087.JPG,SC6_11JanTo14Feb,Santa Cruz Camera 6,17-Jan-21,12:31:30,Ok,FALSE,Melospiza melodia,1,,0,FALSE,FALSE,FALSE,FALSE,FALSE,
01170088.JPG,SC6_11JanTo14Feb,Santa Cruz Camera 6,17-Jan-21,12:32:32,Ok,FALSE,Otospermophilus variegatus,1,,0,FALSE,FALSE,FALSE,FALSE,FALSE,
01170089.JPG,SC6_11JanTo14Feb,Santa Cruz Camera 6,17-Jan-21,12:54:30,Ok,TRUE,,0,,0,FALSE,FALSE,FALSE,FALSE,FALSE,
01170090.JPG,SC6_11JanTo14Feb,Santa Cruz Camera 6,17-Jan-21,13:19:25,Ok,FALSE,Pipilo aberti,1,,0,FALSE,FALSE,FALSE,FALSE,FALSE,
01170091.JPG,SC6_11JanTo14Feb,Santa Cruz Camera 6,17-Jan-21,15:39:40,Ok,FALSE,Sylvilagus audubonii,1,,0,FALSE,FALSE,FALSE,FALSE,FALSE,
01170092.JPG,SC6_11JanTo14Feb,Santa Cruz Camera 6,17-Jan-21,15:40:32,Ok,TRUE,,0,,0,FALSE,FALSE,FALSE,FALSE,FALSE,
01170093.JPG,SC6_11JanTo14Feb,Santa Cruz Camera 6,17-Jan-21,15:45:47,Ok,FALSE,Sylvilagus audubonii,1,,0,FALSE,FALSE,FALSE,FALSE,FALSE,
01180094.JPG,SC6_11JanTo14Feb,Santa Cruz Camera 6,18-Jan-21,13:20:39,Ok,TRUE,,0,,0,FALSE,FALSE,FALSE,FALSE,FALSE,
01180095.JPG,SC6_11JanTo14Feb,Santa Cruz Camera 6,18-Jan-21,14:47:12,Ok,TRUE,,0,,0,FALSE,FALSE,FALSE,FALSE,FALSE,
01180096.JPG,SC6_11JanTo14Feb,Santa Cruz Camera 6,18-Jan-21,15:09:40,Ok,TRUE,,0,,0,FALSE,FALSE,FALSE,FALSE,FALSE,
01180097.JPG,SC6_11JanTo14Feb,Santa Cruz Camera 6,18-Jan-21,15:10:52,Ok,TRUE,,0,,0,FALSE,FALSE,FALSE,FALSE,FALSE,
01180098.JPG,SC6_11JanTo14Feb,Santa Cruz Camera 6,18-Jan-21,15:28:18,Ok,TRUE,,0,,0,FALSE,FALSE,FALSE,FALSE,FALSE,
01180099.JPG,SC6_11JanTo14Feb,Santa Cruz Camera 6,18-Jan-21,16:16:56,Ok,TRUE,,0,,0,FALSE,FALSE,FALSE,FALSE,FALSE,
01190100.JPG,SC6_11JanTo14Feb,Santa Cruz Camera 6,19-Jan-21,10:29:53,Ok,FALSE,Sylvilagus audubonii,1,,0,FALSE,FALSE,FALSE,FALSE,FALSE,
01190101.JPG,SC6_11JanTo14Feb,Santa Cruz Camera 6,19-Jan-21,10:32:24,Ok,FALSE,Sylvilagus audubonii,1,,0,FALSE,FALSE,FALSE,FALSE,FALSE,
01190102.JPG,SC6_11JanTo14Feb,Santa Cruz Camera 6,19-Jan-21,10:38:25,Ok,FALSE,Sylvilagus audubonii,1,,0,FALSE,FALSE,FALSE,FALSE,FALSE,
01190103.JPG,SC6_11JanTo14Feb,Santa Cruz Camera 6,19-Jan-21,18:06:57,Ok,TRUE,,0,,0,FALSE,FALSE,FALSE,FALSE,FALSE,
01200104.JPG,SC6_11JanTo14Feb,Santa Cruz Camera 6,20-Jan-21,13:16:43,Ok,FALSE,Otospermophilus variegatus,1,,0,FALSE,FALSE,FALSE,FALSE,FALSE,
01200105.JPG,SC6_11JanTo14Feb,Santa Cruz Camera 6,20-Jan-21,13:17:21,Ok,TRUE,Otospermophilus variegatus,1,,0,FALSE,FALSE,FALSE,FALSE,FALSE,
01200106.JPG,SC6_11JanTo14Feb,Santa Cruz Camera 6,20-Jan-21,13:18:32,Ok,TRUE,,0,,0,FALSE,FALSE,FALSE,FALSE,FALSE,
01200107.JPG,SC6_11JanTo14Feb,Santa Cruz Camera 6,20-Jan-21,13:23:48,Ok,FALSE,Otospermophilus variegatus,1,,0,FALSE,FALSE,FALSE,FALSE,FALSE,
01200108.JPG,SC6_11JanTo14Feb,Santa Cruz Camera 6,20-Jan-21,13:58:58,Ok,FALSE,,0,,0,FALSE,FALSE,FALSE,FALSE,FALSE,
01200109.JPG,SC6_11JanTo14Feb,Santa Cruz Camera 6,20-Jan-21,18:45:54,Ok,FALSE,Homo sapien,1,,0,FALSE,FALSE,FALSE,FALSE,FALSE,
01210110.JPG,SC6_11JanTo14Feb,Santa Cruz Camera 6,21-Jan-21,4:42:47,Ok,TRUE,,0,,0,FALSE,FALSE,FALSE,FALSE,FALSE,
01210111.JPG,SC6_11JanTo14Feb,Santa Cruz Camera 6,21-Jan-21,6:57:53,Ok,FALSE,Sylvilagus audubonii,1,,0,FALSE,FALSE,FALSE,FALSE,FALSE,
01210112.JPG,SC6_11JanTo14Feb,Santa Cruz Camera 6,21-Jan-21,7:12:49,Ok,FALSE,Sylvilagus audubonii,1,,0,FALSE,FALSE,FALSE,FALSE,FALSE,
01210113.JPG,SC6_11JanTo14Feb,Santa Cruz Camera 6,21-Jan-21,7:13:42,Ok,TRUE,Sylvilagus audubonii,1,,0,FALSE,FALSE,FALSE,FALSE,FALSE,
01210114.JPG,SC6_11JanTo14Feb,Santa Cruz Camera 6,21-Jan-21,12:06:53,Ok,FALSE,Sylvilagus audubonii,1,,0,FALSE,FALSE,FALSE,FALSE,FALSE,
01210115.JPG,SC6_11JanTo14Feb,Santa Cruz Camera 6,21-Jan-21,13:45:44,Ok,TRUE,,0,,0,FALSE,FALSE,FALSE,FALSE,FALSE,
01210116.JPG,SC6_11JanTo14Feb,Santa Cruz Camera 6,21-Jan-21,18:00:46,Ok,FALSE,Sylvilagus audubonii,1,,0,FALSE,FALSE,FALSE,FALSE,FALSE,
01210117.JPG,SC6_11JanTo14Feb,Santa Cruz Camera 6,21-Jan-21,18:01:28,Ok,TRUE,,0,,0,FALSE,FALSE,FALSE,FALSE,FALSE,
01210118.JPG,SC6_11JanTo14Feb,Santa Cruz Camera 6,21-Jan-21,19:33:26,Ok,TRUE,,0,,0,FALSE,FALSE,FALSE,FALSE,FALSE,
01210119.JPG,SC6_11JanTo14Feb,Santa Cruz Camera 6,21-Jan-21,19:33:56,Ok,FALSE,Pecari tajacu,1,,0,FALSE,FALSE,FALSE,FALSE,FALSE,
01220120.JPG,SC6_11JanTo14Feb,Santa Cruz Camera 6,22-Jan-21,13:02:59,Ok,FALSE,Otospermophilus variegatus,1,,0,FALSE,FALSE,FALSE,FALSE,FALSE,
01220121.JPG,SC6_11JanTo14Feb,Santa Cruz Camera 6,22-Jan-21,14:15:26,Ok,TRUE,,0,,0,FALSE,FALSE,FALSE,FALSE,FALSE,
01220122.JPG,SC6_11JanTo14Feb,Santa Cruz Camera 6,22-Jan-21,15:01:20,Ok,TRUE,,0,,0,FALSE,FALSE,FALSE,FALSE,FALSE,
01220123.JPG,SC6_11JanTo14Feb,Santa Cruz Camera 6,22-Jan-21,15:20:36,Ok,TRUE,,0,,0,FALSE,FALSE,FALSE,FALSE,FALSE,
01220124.JPG,SC6_11JanTo14Feb,Santa Cruz Camera 6,22-Jan-21,16:43:06,Ok,TRUE,,0,,0,FALSE,FALSE,FALSE,FALSE,FALSE,
01220125.JPG,SC6_11JanTo14Feb,Santa Cruz Camera 6,22-Jan-21,18:09:12,Ok,TRUE,,0,,0,FALSE,FALSE,FALSE,FALSE,FALSE,
01220126.JPG,SC6_11JanTo14Feb,Santa Cruz Camera 6,22-Jan-21,18:09:50,Ok,FALSE,Sylvilagus audubonii,1,,0,FALSE,FALSE,FALSE,FALSE,FALSE,
01230127.JPG,SC6_11JanTo14Feb,Santa Cruz Camera 6,23-Jan-21,4:38:11,Ok,TRUE,,0,,0,FALSE,FALSE,FALSE,FALSE,FALSE,
01230128.JPG,SC6_11JanTo14Feb,Santa Cruz Camera 6,23-Jan-21,7:03:41,Ok,TRUE,,0,,0,FALSE,FALSE,FALSE,FALSE,FALSE,
01230129.JPG,SC6_11JanTo14Feb,Santa Cruz Camera 6,23-Jan-21,10:18:37,Ok,TRUE,,0,,0,FALSE,FALSE,FALSE,FALSE,FALSE,
01230130.JPG,SC6_11JanTo14Feb,Santa Cruz Camera 6,23-Jan-21,12:46:44,Ok,TRUE,,0,,0,FALSE,FALSE,FALSE,FALSE,FALSE,
01230131.JPG,SC6_11JanTo14Feb,Santa Cruz Camera 6,23-Jan-21,12:50:32,Ok,TRUE,,0,,0,FALSE,FALSE,FALSE,FALSE,FALSE,
01230132.JPG,SC6_11JanTo14Feb,Santa Cruz Camera 6,23-Jan-21,12:59:38,Ok,TRUE,,0,,0,FALSE,FALSE,FALSE,FALSE,FALSE,
01230133.JPG,SC6_11JanTo14Feb,Santa Cruz Camera 6,23-Jan-21,13:59:55,Ok,TRUE,,0,,0,FALSE,FALSE,FALSE,FALSE,FALSE,
01230134.JPG,SC6_11JanTo14Feb,Santa Cruz Camera 6,23-Jan-21,19:47:25,Ok,FALSE,Pecari tajacu,1,,0,FALSE,FALSE,FALSE,FALSE,FALSE,
01240135.JPG,SC6_11JanTo14Feb,Santa Cruz Camera 6,24-Jan-21,3:49:44,Ok,TRUE,,0,,0,FALSE,FALSE,FALSE,FALSE,FALSE,
01240136.JPG,SC6_11JanTo14Feb,Santa Cruz Camera 6,24-Jan-21,9:01:13,Ok,FALSE,,0,,0,FALSE,FALSE,FALSE,FALSE,TRUE,
01240137.JPG,SC6_11JanTo14Feb,Santa Cruz Camera 6,24-Jan-21,9:01:46,Ok,FALSE,,0,,0,FALSE,FALSE,FALSE,FALSE,TRUE,
01240138.JPG,SC6_11JanTo14Feb,Santa Cruz Camera 6,24-Jan-21,9:02:19,Ok,FALSE,,0,,0,FALSE,FALSE,FALSE,FALSE,TRUE,
01240139.JPG,SC6_11JanTo14Feb,Santa Cruz Camera 6,24-Jan-21,9:02:51,Ok,FALSE,,0,,0,FALSE,FALSE,FALSE,FALSE,TRUE,
01240140.JPG,SC6_11JanTo14Feb,Santa Cruz Camera 6,24-Jan-21,9:03:22,Ok,FALSE,,0,,0,FALSE,FALSE,FALSE,FALSE,TRUE,
01240001.JPG,SC6_11JanTo14Feb,Santa Cruz Camera 6,24-Jan-21,9:09:55,Ok,FALSE,,0,,0,FALSE,FALSE,FALSE,FALSE,TRUE,
01240002.JPG,SC6_11JanTo14Feb,Santa Cruz Camera 6,24-Jan-21,9:10:30,Ok,FALSE,,0,,0,FALSE,FALSE,FALSE,FALSE,TRUE,
01240003.JPG,SC6_11JanTo14Feb,Santa Cruz Camera 6,24-Jan-21,9:11:02,Ok,FALSE,,0,,0,FALSE,FALSE,FALSE,FALSE,TRUE,
01240004.JPG,SC6_11JanTo14Feb,Santa Cruz Camera 6,24-Jan-21,9:11:40,Ok,FALSE,,0,,0,FALSE,FALSE,FALSE,FALSE,TRUE,
01240005.JPG,SC6_11JanTo14Feb,Santa Cruz Camera 6,24-Jan-21,9:12:27,Ok,FALSE,,0,,0,FALSE,FALSE,FALSE,FALSE,TRUE,
01240006.JPG,SC6_11JanTo14Feb,Santa Cruz Camera 6,24-Jan-21,9:12:58,Ok,FALSE,,0,,0,FALSE,FALSE,FALSE,FALSE,TRUE,
01240007.JPG,SC6_11JanTo14Feb,Santa Cruz Camera 6,24-Jan-21,9:13:31,Ok,FALSE,,0,,0,FALSE,FALSE,FALSE,FALSE,TRUE,
01240008.JPG,SC6_11JanTo14Feb,Santa Cruz Camera 6,24-Jan-21,9:14:03,Ok,FALSE,,0,,0,FALSE,FALSE,FALSE,FALSE,TRUE,
01240009.JPG,SC6_11JanTo14Feb,Santa Cruz Camera 6,24-Jan-21,9:14:34,Ok,FALSE,,0,,0,FALSE,FALSE,FALSE,FALSE,TRUE,
01240010.JPG,SC6_11JanTo14Feb,Santa Cruz Camera 6,24-Jan-21,9:15:12,Ok,FALSE,,0,,0,FALSE,FALSE,FALSE,FALSE,TRUE,
01240011.JPG,SC6_11JanTo14Feb,Santa Cruz Camera 6,24-Jan-21,10:04:50,Ok,FALSE,,0,,0,FALSE,FALSE,FALSE,FALSE,TRUE,
01240012.JPG,SC6_11JanTo14Feb,Santa Cruz Camera 6,24-Jan-21,15:52:08,Ok,FALSE,,0,,0,FALSE,FALSE,FALSE,FALSE,TRUE,
01250013.JPG,SC6_11JanTo14Feb,Santa Cruz Camera 6,25-Jan-21,7:33:59,Ok,FALSE,,0,,0,FALSE,FALSE,FALSE,FALSE,TRUE,
01250014.JPG,SC6_11JanTo14Feb,Santa Cruz Camera 6,25-Jan-21,14:22:19,Ok,FALSE,,0,,0,FALSE,FALSE,FALSE,FALSE,TRUE,
01250015.JPG,SC6_11JanTo14Feb,Santa Cruz Camera 6,25-Jan-21,14:22:50,Ok,FALSE,,0,,0,FALSE,FALSE,FALSE,FALSE,TRUE,
01250016.JPG,SC6_11JanTo14Feb,Santa Cruz Camera 6,25-Jan-21,14:23:23,Ok,FALSE,,0,,0,FALSE,FALSE,FALSE,FALSE,TRUE,
01250017.JPG,SC6_11JanTo14Feb,Santa Cruz Camera 6,25-Jan-21,14:23:53,Ok,FALSE,,0,,0,FALSE,FALSE,FALSE,FALSE,TRUE,
01250018.JPG,SC6_11JanTo14Feb,Santa Cruz Camera 6,25-Jan-21,14:24:26,Ok,FALSE,,0,,0,FALSE,FALSE,FALSE,FALSE,TRUE,
01250019.JPG,SC6_11JanTo14Feb,Santa Cruz Camera 6,25-Jan-21,14:25:25,Ok,FALSE,,0,,0,FALSE,FALSE,FALSE,FALSE,TRUE,
01250020.JPG,SC6_11JanTo14Feb,Santa Cruz Camera 6,25-Jan-21,16:09:01,Ok,FALSE,Pipilo aberti,1,,0,FALSE,FALSE,FALSE,FALSE,FALSE,
01250021.JPG,SC6_11JanTo14Feb,Santa Cruz Camera 6,25-Jan-21,18:21:43,Ok,TRUE,,0,,0,FALSE,FALSE,FALSE,FALSE,FALSE,
01250022.JPG,SC6_11JanTo14Feb,Santa Cruz Camera 6,25-Jan-21,20:52:28,Ok,TRUE,,0,,0,FALSE,FALSE,FALSE,FALSE,FALSE,
01250023.JPG,SC6_11JanTo14Feb,Santa Cruz Camera 6,25-Jan-21,23:52:54,Ok,FALSE,Pecari tajacu,1,,0,FALSE,FALSE,FALSE,FALSE,FALSE,
01260024.JPG,SC6_11JanTo14Feb,Santa Cruz Camera 6,26-Jan-21,0:13:48,Ok,TRUE,,0,,0,FALSE,FALSE,FALSE,FALSE,FALSE,
01270025.JPG,SC6_11JanTo14Feb,Santa Cruz Camera 6,27-Jan-21,6:02:32,Ok,FALSE,Pecari tajacu,1,,0,FALSE,FALSE,FALSE,FALSE,FALSE,
01270026.JPG,SC6_11JanTo14Feb,Santa Cruz Camera 6,27-Jan-21,7:35:17,Ok,TRUE,,0,,0,FALSE,FALSE,FALSE,FALSE,FALSE,
01270027.JPG,SC6_11JanTo14Feb,Santa Cruz Camera 6,27-Jan-21,9:25:24,Ok,TRUE,,0,,0,FALSE,FALSE,FALSE,FALSE,FALSE,
01270028.JPG,SC6_11JanTo14Feb,Santa Cruz Camera 6,27-Jan-21,9:26:18,Ok,TRUE,,0,,0,FALSE,FALSE,FALSE,FALSE,FALSE,
01270029.JPG,SC6_11JanTo14Feb,Santa Cruz Camera 6,27-Jan-21,9:33:15,Ok,TRUE,,0,,0,FALSE,FALSE,FALSE,FALSE,FALSE,
01270030.JPG,SC6_11JanTo14Feb,Santa Cruz Camera 6,27-Jan-21,9:38:37,Ok,TRUE,,0,,0,FALSE,FALSE,FALSE,FALSE,FALSE,
01270031.JPG,SC6_11JanTo14Feb,Santa Cruz Camera 6,27-Jan-21,9:42:21,Ok,TRUE,,0,,0,FALSE,FALSE,FALSE,FALSE,FALSE,
01270032.JPG,SC6_11JanTo14Feb,Santa Cruz Camera 6,27-Jan-21,11:46:52,Ok,TRUE,,0,,0,FALSE,FALSE,FALSE,FALSE,FALSE,
01270033.JPG,SC6_11JanTo14Feb,Santa Cruz Camera 6,27-Jan-21,12:16:56,Ok,TRUE,,0,,0,FALSE,FALSE,FALSE,FALSE,FALSE,
01270034.JPG,SC6_11JanTo14Feb,Santa Cruz Camera 6,27-Jan-21,13:21:19,Ok,TRUE,,0,,0,FALSE,FALSE,FALSE,FALSE,FALSE,
01270035.JPG,SC6_11JanTo14Feb,Santa Cruz Camera 6,27-Jan-21,16:25:15,Ok,TRUE,,0,,0,FALSE,FALSE,FALSE,FALSE,FALSE,
01280036.JPG,SC6_11JanTo14Feb,Santa Cruz Camera 6,28-Jan-21,5:08:54,Ok,TRUE,,0,,0,FALSE,FALSE,FALSE,FALSE,FALSE,
01280037.JPG,SC6_11JanTo14Feb,Santa Cruz Camera 6,28-Jan-21,9:00:55,Ok,TRUE,,0,,0,FALSE,FALSE,FALSE,FALSE,FALSE,
01280038.JPG,SC6_11JanTo14Feb,Santa Cruz Camera 6,28-Jan-21,9:03:15,Ok,TRUE,,0,,0,FALSE,FALSE,FALSE,FALSE,FALSE,
01280039.JPG,SC6_11JanTo14Feb,Santa Cruz Camera 6,28-Jan-21,9:04:50,Ok,TRUE,,0,,0,FALSE,FALSE,FALSE,FALSE,FALSE,
01280040.JPG,SC6_11JanTo14Feb,Santa Cruz Camera 6,28-Jan-21,10:55:43,Ok,TRUE,,0,,0,FALSE,FALSE,FALSE,FALSE,FALSE,
01280041.JPG,SC6_11JanTo14Feb,Santa Cruz Camera 6,28-Jan-21,11:19:41,Ok,FALSE,Zonotrichia leucophrys,1,,0,FALSE,FALSE,FALSE,FALSE,FALSE,
01280042.JPG,SC6_11JanTo14Feb,Santa Cruz Camera 6,28-Jan-21,14:07:30,Ok,TRUE,,0,,0,FALSE,FALSE,FALSE,FALSE,FALSE,
01280043.JPG,SC6_11JanTo14Feb,Santa Cruz Camera 6,28-Jan-21,15:57:22,Ok,TRUE,,0,,0,FALSE,FALSE,FALSE,FALSE,FALSE,
01280044.JPG,SC6_11JanTo14Feb,Santa Cruz Camera 6,28-Jan-21,23:16:16,Ok,FALSE,Sylvilagus audubonii,1,,0,FALSE,FALSE,FALSE,FALSE,FALSE,
01280045.JPG,SC6_11JanTo14Feb,Santa Cruz Camera 6,28-Jan-21,23:16:47,Ok,TRUE,,0,,0,FALSE,FALSE,FALSE,FALSE,FALSE,
01290046.JPG,SC6_11JanTo14Feb,Santa Cruz Camera 6,29-Jan-21,6:57:15,Ok,TRUE,,0,,0,FALSE,FALSE,FALSE,FALSE,FALSE,
01290047.JPG,SC6_11JanTo14Feb,Santa Cruz Camera 6,29-Jan-21,7:06:39,Ok,FALSE,Sylvilagus audubonii,2,,0,FALSE,FALSE,FALSE,FALSE,FALSE,
01290048.JPG,SC6_11JanTo14Feb,Santa Cruz Camera 6,29-Jan-21,7:07:10,Ok,TRUE,Sylvilagus audubonii,2,,0,FALSE,FALSE,FALSE,FALSE,FALSE,
01290049.JPG,SC6_11JanTo14Feb,Santa Cruz Camera 6,29-Jan-21,7:08:44,Ok,TRUE,,0,,0,FALSE,FALSE,FALSE,FALSE,FALSE,
01290050.JPG,SC6_11JanTo14Feb,Santa Cruz Camera 6,29-Jan-21,7:12:25,Ok,TRUE,,0,,0,FALSE,FALSE,FALSE,FALSE,FALSE,
01290051.JPG,SC6_11JanTo14Feb,Santa Cruz Camera 6,29-Jan-21,9:15:57,Ok,TRUE,,0,,0,FALSE,FALSE,FALSE,FALSE,FALSE,
01290052.JPG,SC6_11JanTo14Feb,Santa Cruz Camera 6,29-Jan-21,9:34:58,Ok,TRUE,,0,,0,FALSE,FALSE,FALSE,FALSE,FALSE,
01290053.JPG,SC6_11JanTo14Feb,Santa Cruz Camera 6,29-Jan-21,9:40:12,Ok,FALSE,Sylvilagus audubonii,1,,0,FALSE,FALSE,FALSE,FALSE,FALSE,
01290054.JPG,SC6_11JanTo14Feb,Santa Cruz Camera 6,29-Jan-21,11:36:58,Ok,TRUE,,0,,0,FALSE,FALSE,FALSE,FALSE,FALSE,
01290055.JPG,SC6_11JanTo14Feb,Santa Cruz Camera 6,29-Jan-21,11:44:15,Ok,TRUE,,0,,0,FALSE,FALSE,FALSE,FALSE,FALSE,
01290056.JPG,SC6_11JanTo14Feb,Santa Cruz Camera 6,29-Jan-21,11:52:32,Ok,TRUE,,0,,0,FALSE,FALSE,FALSE,FALSE,FALSE,
01290057.JPG,SC6_11JanTo14Feb,Santa Cruz Camera 6,29-Jan-21,12:42:25,Ok,TRUE,,0,,0,FALSE,FALSE,FALSE,FALSE,FALSE,
01290058.JPG,SC6_11JanTo14Feb,Santa Cruz Camera 6,29-Jan-21,14:25:34,Ok,TRUE,,0,,0,FALSE,FALSE,FALSE,FALSE,FALSE,
01290059.JPG,SC6_11JanTo14Feb,Santa Cruz Camera 6,29-Jan-21,15:13:25,Ok,TRUE,,0,,0,FALSE,FALSE,FALSE,FALSE,FALSE,
01290060.JPG,SC6_11JanTo14Feb,Santa Cruz Camera 6,29-Jan-21,15:18:07,Ok,TRUE,,0,,0,FALSE,FALSE,FALSE,FALSE,FALSE,
01290061.JPG,SC6_11JanTo14Feb,Santa Cruz Camera 6,29-Jan-21,15:30:49,Ok,TRUE,,0,,0,FALSE,FALSE,FALSE,FALSE,FALSE,
01290062.JPG,SC6_11JanTo14Feb,Santa Cruz Camera 6,29-Jan-21,15:35:24,Ok,TRUE,,0,,0,FALSE,FALSE,FALSE,FALSE,FALSE,
01290063.JPG,SC6_11JanTo14Feb,Santa Cruz Camera 6,29-Jan-21,15:35:58,Ok,TRUE,,0,,0,FALSE,FALSE,FALSE,FALSE,FALSE,
01290064.JPG,SC6_11JanTo14Feb,Santa Cruz Camera 6,29-Jan-21,15:38:19,Ok,TRUE,,0,,0,FALSE,FALSE,FALSE,FALSE,FALSE,
01290065.JPG,SC6_11JanTo14Feb,Santa Cruz Camera 6,29-Jan-21,15:40:24,Ok,TRUE,,0,,0,FALSE,FALSE,FALSE,FALSE,FALSE,
01290066.JPG,SC6_11JanTo14Feb,Santa Cruz Camera 6,29-Jan-21,15:43:08,Ok,TRUE,,0,,0,FALSE,FALSE,FALSE,FALSE,FALSE,
01290067.JPG,SC6_11JanTo14Feb,Santa Cruz Camera 6,29-Jan-21,15:44:28,Ok,TRUE,,0,,0,FALSE,FALSE,FALSE,FALSE,FALSE,
01290068.JPG,SC6_11JanTo14Feb,Santa Cruz Camera 6,29-Jan-21,15:49:16,Ok,TRUE,,0,,0,FALSE,FALSE,FALSE,FALSE,FALSE,
01290069.JPG,SC6_11JanTo14Feb,Santa Cruz Camera 6,29-Jan-21,15:51:41,Ok,TRUE,,0,,0,FALSE,FALSE,FALSE,FALSE,FALSE,
01290070.JPG,SC6_11JanTo14Feb,Santa Cruz Camera 6,29-Jan-21,15:53:56,Ok,TRUE,,0,,0,FALSE,FALSE,FALSE,FALSE,FALSE,
01290071.JPG,SC6_11JanTo14Feb,Santa Cruz Camera 6,29-Jan-21,15:55:43,Ok,TRUE,,0,,0,FALSE,FALSE,FALSE,FALSE,FALSE,
01290072.JPG,SC6_11JanTo14Feb,Santa Cruz Camera 6,29-Jan-21,16:04:32,Ok,TRUE,,0,,0,FALSE,FALSE,FALSE,FALSE,FALSE,
01290073.JPG,SC6_11JanTo14Feb,Santa Cruz Camera 6,29-Jan-21,16:23:01,Ok,TRUE,,0,,0,FALSE,FALSE,FALSE,FALSE,FALSE,
01290074.JPG,SC6_11JanTo14Feb,Santa Cruz Camera 6,29-Jan-21,16:32:32,Ok,TRUE,,0,,0,FALSE,FALSE,FALSE,FALSE,FALSE,
01290075.JPG,SC6_11JanTo14Feb,Santa Cruz Camera 6,29-Jan-21,16:35:35,Ok,TRUE,,0,,0,FALSE,FALSE,FALSE,FALSE,FALSE,
01300076.JPG,SC6_11JanTo14Feb,Santa Cruz Camera 6,30-Jan-21,12:21:05,Ok,TRUE,,0,,0,FALSE,FALSE,FALSE,FALSE,FALSE,
01300077.JPG,SC6_11JanTo14Feb,Santa Cruz Camera 6,30-Jan-21,13:52:30,Ok,FALSE,Otospermophilus variegatus,1,,0,FALSE,FALSE,FALSE,FALSE,FALSE,
01300078.JPG,SC6_11JanTo14Feb,Santa Cruz Camera 6,30-Jan-21,15:21:30,Ok,TRUE,,0,,0,FALSE,FALSE,FALSE,FALSE,FALSE,
01300079.JPG,SC6_11JanTo14Feb,Santa Cruz Camera 6,30-Jan-21,18:29:18,Ok,FALSE,Neotoma albigula,1,,0,FALSE,FALSE,FALSE,FALSE,FALSE,
01300080.JPG,SC6_11JanTo14Feb,Santa Cruz Camera 6,30-Jan-21,18:29:50,Ok,TRUE,,0,,0,FALSE,FALSE,FALSE,FALSE,FALSE,
01310081.JPG,SC6_11JanTo14Feb,Santa Cruz Camera 6,31-Jan-21,3:06:56,Ok,FALSE,Sylvilagus audubonii,1,,0,FALSE,FALSE,FALSE,FALSE,FALSE,
01310082.JPG,SC6_11JanTo14Feb,Santa Cruz Camera 6,31-Jan-21,4:29:46,Ok,TRUE,,0,,0,FALSE,FALSE,FALSE,FALSE,FALSE,
01310083.JPG,SC6_11JanTo14Feb,Santa Cruz Camera 6,31-Jan-21,4:30:17,Ok,FALSE,Canis latrans,1,,0,FALSE,FALSE,FALSE,FALSE,FALSE,
01310084.JPG,SC6_11JanTo14Feb,Santa Cruz Camera 6,31-Jan-21,6:56:48,Ok,TRUE,,0,,0,FALSE,FALSE,FALSE,FALSE,FALSE,
01310085.JPG,SC6_11JanTo14Feb,Santa Cruz Camera 6,31-Jan-21,6:57:53,Ok,TRUE,,0,,0,FALSE,FALSE,FALSE,FALSE,FALSE,
01310086.JPG,SC6_11JanTo14Feb,Santa Cruz Camera 6,31-Jan-21,9:31:51,Ok,FALSE,Sylvilagus audubonii,1,,0,FALSE,FALSE,FALSE,FALSE,FALSE,
01310087.JPG,SC6_11JanTo14Feb,Santa Cruz Camera 6,31-Jan-21,9:33:01,Ok,FALSE,Sylvilagus audubonii,1,,0,FALSE,FALSE,FALSE,FALSE,FALSE,
01310088.JPG,SC6_11JanTo14Feb,Santa Cruz Camera 6,31-Jan-21,10:15:53,Ok,FALSE,Homo sapien,1,,0,FALSE,FALSE,FALSE,FALSE,FALSE,
01310089.JPG,SC6_11JanTo14Feb,Santa Cruz Camera 6,31-Jan-21,10:22:54,Ok,FALSE,Homo sapien,1,,0,FALSE,FALSE,FALSE,FALSE,TRUE,
01310090.JPG,SC6_11JanTo14Feb,Santa Cruz Camera 6,31-Jan-21,10:23:43,Ok,FALSE,,0,,0,FALSE,FALSE,FALSE,FALSE,TRUE,
01310091.JPG,SC6_11JanTo14Feb,Santa Cruz Camera 6,31-Jan-21,10:24:15,Ok,TRUE,Homo sapien,1,,0,FALSE,FALSE,FALSE,FALSE,TRUE,
01310092.JPG,SC6_11JanTo14Feb,Santa Cruz Camera 6,31-Jan-21,10:24:46,Ok,FALSE,,0,,0,FALSE,FALSE,FALSE,FALSE,TRUE,
01310093.JPG,SC6_11JanTo14Feb,Santa Cruz Camera 6,31-Jan-21,10:25:24,Ok,FALSE,,0,,0,FALSE,FALSE,FALSE,FALSE,TRUE,
01310094.JPG,SC6_11JanTo14Feb,Santa Cruz Camera 6,31-Jan-21,10:26:30,Ok,FALSE,,0,,0,FALSE,FALSE,FALSE,FALSE,TRUE,
01310095.JPG,SC6_11JanTo14Feb,Santa Cruz Camera 6,31-Jan-21,10:34:12,Ok,FALSE,,0,,0,FALSE,FALSE,FALSE,FALSE,TRUE,
01310096.JPG,SC6_11JanTo14Feb,Santa Cruz Camera 6,31-Jan-21,11:26:36,Ok,TRUE,,0,,0,FALSE,FALSE,FALSE,FALSE,FALSE,
01310097.JPG,SC6_11JanTo14Feb,Santa Cruz Camera 6,31-Jan-21,11:35:10,Ok,TRUE,,0,,0,FALSE,FALSE,FALSE,FALSE,FALSE,
01310098.JPG,SC6_11JanTo14Feb,Santa Cruz Camera 6,31-Jan-21,11:53:50,Ok,FALSE,,0,,0,FALSE,FALSE,FALSE,FALSE,TRUE,
01310099.JPG,SC6_11JanTo14Feb,Santa Cruz Camera 6,31-Jan-21,11:54:22,Ok,FALSE,,0,,0,FALSE,FALSE,FALSE,FALSE,TRUE,
01310100.JPG,SC6_11JanTo14Feb,Santa Cruz Camera 6,31-Jan-21,11:54:54,Ok,FALSE,,0,,0,FALSE,FALSE,FALSE,FALSE,TRUE,
01310001.JPG,SC6_11JanTo14Feb,Santa Cruz Camera 6,31-Jan-21,12:00:42,Ok,TRUE,,0,,0,FALSE,FALSE,FALSE,FALSE,FALSE,
01310002.JPG,SC6_11JanTo14Feb,Santa Cruz Camera 6,31-Jan-21,12:01:13,Ok,FALSE,,0,,0,FALSE,FALSE,FALSE,FALSE,TRUE,
01310003.JPG,SC6_11JanTo14Feb,Santa Cruz Camera 6,31-Jan-21,12:01:45,Ok,FALSE,,0,,0,FALSE,FALSE,FALSE,FALSE,TRUE,
01310004.JPG,SC6_11JanTo14Feb,Santa Cruz Camera 6,31-Jan-21,12:02:17,Ok,FALSE,,0,,0,FALSE,FALSE,FALSE,FALSE,TRUE,
01310005.JPG,SC6_11JanTo14Feb,Santa Cruz Camera 6,31-Jan-21,12:02:48,Ok,FALSE,,0,,0,FALSE,FALSE,FALSE,FALSE,TRUE,
01310006.JPG,SC6_11JanTo14Feb,Santa Cruz Camera 6,31-Jan-21,12:03:20,Ok,FALSE,,0,,0,FALSE,FALSE,FALSE,FALSE,TRUE,
01310007.JPG,SC6_11JanTo14Feb,Santa Cruz Camera 6,31-Jan-21,12:03:51,Ok,FALSE,,0,,0,FALSE,FALSE,FALSE,FALSE,TRUE,
01310008.JPG,SC6_11JanTo14Feb,Santa Cruz Camera 6,31-Jan-21,12:04:23,Ok,FALSE,,0,,0,FALSE,FALSE,FALSE,FALSE,TRUE,
01310009.JPG,SC6_11JanTo14Feb,Santa Cruz Camera 6,31-Jan-21,12:04:56,Ok,FALSE,,0,,0,FALSE,FALSE,FALSE,FALSE,TRUE,
01310010.JPG,SC6_11JanTo14Feb,Santa Cruz Camera 6,31-Jan-21,12:07:14,Ok,FALSE,,0,,0,FALSE,FALSE,FALSE,FALSE,TRUE,
01310011.JPG,SC6_11JanTo14Feb,Santa Cruz Camera 6,31-Jan-21,15:46:34,Ok,FALSE,Sylvilagus audubonii,1,,0,FALSE,FALSE,FALSE,FALSE,FALSE,
01310012.JPG,SC6_11JanTo14Feb,Santa Cruz Camera 6,31-Jan-21,15:49:20,Ok,FALSE,,0,,0,FALSE,FALSE,FALSE,FALSE,FALSE,
01310013.JPG,SC6_11JanTo14Feb,Santa Cruz Camera 6,31-Jan-21,15:51:38,Ok,FALSE,Otospermophilus variegatus,1,,0,FALSE,FALSE,FALSE,FALSE,FALSE,
01310014.JPG,SC6_11JanTo14Feb,Santa Cruz Camera 6,31-Jan-21,15:53:59,Ok,FALSE,Otospermophilus variegatus,1,,0,FALSE,FALSE,FALSE,FALSE,FALSE,
01310015.JPG,SC6_11JanTo14Feb,Santa Cruz Camera 6,31-Jan-21,15:54:57,Ok,FALSE,Otospermophilus variegatus,1,,0,FALSE,FALSE,FALSE,FALSE,FALSE,
01310016.JPG,SC6_11JanTo14Feb,Santa Cruz Camera 6,31-Jan-21,15:57:18,Ok,FALSE,,0,,0,FALSE,FALSE,FALSE,FALSE,TRUE,
01310017.JPG,SC6_11JanTo14Feb,Santa Cruz Camera 6,31-Jan-21,16:00:45,Ok,FALSE,Otospermophilus variegatus,1,,0,FALSE,FALSE,FALSE,FALSE,FALSE,
01310018.JPG,SC6_11JanTo14Feb,Santa Cruz Camera 6,31-Jan-21,16:01:40,Ok,FALSE,Otospermophilus variegatus,1,,0,FALSE,FALSE,FALSE,FALSE,FALSE,
01310019.JPG,SC6_11JanTo14Feb,Santa Cruz Camera 6,31-Jan-21,16:04:12,Ok,TRUE,,0,,0,FALSE,FALSE,FALSE,FALSE,FALSE,
01310020.JPG,SC6_11JanTo14Feb,Santa Cruz Camera 6,31-Jan-21,16:16:45,Ok,TRUE,,0,,0,FALSE,FALSE,FALSE,FALSE,FALSE,
01310021.JPG,SC6_11JanTo14Feb,Santa Cruz Camera 6,31-Jan-21,16:31:35,Ok,TRUE,,0,,0,FALSE,FALSE,FALSE,FALSE,FALSE,
01310022.JPG,SC6_11JanTo14Feb,Santa Cruz Camera 6,31-Jan-21,23:21:53,Ok,TRUE,,0,,0,FALSE,FALSE,FALSE,FALSE,FALSE,
01310023.JPG,SC6_11JanTo14Feb,Santa Cruz Camera 6,31-Jan-21,23:53:02,Ok,TRUE,,0,,0,FALSE,FALSE,FALSE,FALSE,FALSE,
02010024.JPG,SC6_11JanTo14Feb,Santa Cruz Camera 6,1-Feb-21,10:16:19,Ok,TRUE,,0,,0,FALSE,FALSE,FALSE,FALSE,FALSE,
02010025.JPG,SC6_11JanTo14Feb,Santa Cruz Camera 6,1-Feb-21,11:46:30,Ok,TRUE,,0,,0,FALSE,FALSE,FALSE,FALSE,FALSE,
02010026.JPG,SC6_11JanTo14Feb,Santa Cruz Camera 6,1-Feb-21,13:33:11,Ok,TRUE,,0,,0,FALSE,FALSE,FALSE,FALSE,FALSE,
02010027.JPG,SC6_11JanTo14Feb,Santa Cruz Camera 6,1-Feb-21,14:21:32,Ok,FALSE,Otospermophilus variegatus,1,,0,FALSE,FALSE,FALSE,FALSE,FALSE,
02010028.JPG,SC6_11JanTo14Feb,Santa Cruz Camera 6,1-Feb-21,18:30:34,Ok,FALSE,Sylvilagus audubonii,1,,0,FALSE,FALSE,FALSE,FALSE,FALSE,
02010029.JPG,SC6_11JanTo14Feb,Santa Cruz Camera 6,1-Feb-21,20:32:47,Ok,FALSE,Homo sapien,1,,0,FALSE,FALSE,FALSE,FALSE,FALSE,
02020030.JPG,SC6_11JanTo14Feb,Santa Cruz Camera 6,2-Feb-21,11:01:09,Ok,TRUE,,0,,0,FALSE,FALSE,FALSE,FALSE,FALSE,
02020031.JPG,SC6_11JanTo14Feb,Santa Cruz Camera 6,2-Feb-21,11:02:56,Ok,TRUE,,0,,0,FALSE,FALSE,FALSE,FALSE,FALSE,
02020032.JPG,SC6_11JanTo14Feb,Santa Cruz Camera 6,2-Feb-21,12:33:32,Ok,TRUE,,0,,0,FALSE,FALSE,FALSE,FALSE,FALSE,
02020033.JPG,SC6_11JanTo14Feb,Santa Cruz Camera 6,2-Feb-21,12:39:56,Ok,TRUE,,0,,0,FALSE,FALSE,FALSE,FALSE,FALSE,
02020034.JPG,SC6_11JanTo14Feb,Santa Cruz Camera 6,2-Feb-21,13:00:03,Ok,FALSE,Otospermophilus variegatus,1,,0,FALSE,FALSE,FALSE,FALSE,FALSE,
02020035.JPG,SC6_11JanTo14Feb,Santa Cruz Camera 6,2-Feb-21,13:05:18,Ok,TRUE,,0,,0,FALSE,FALSE,FALSE,FALSE,FALSE,
02020036.JPG,SC6_11JanTo14Feb,Santa Cruz Camera 6,2-Feb-21,13:15:04,Ok,FALSE,Pipilo aberti,1,,0,FALSE,FALSE,FALSE,FALSE,FALSE,
02020037.JPG,SC6_11JanTo14Feb,Santa Cruz Camera 6,2-Feb-21,13:16:33,Ok,FALSE,Otospermophilus variegatus,1,,0,FALSE,FALSE,FALSE,FALSE,FALSE,
02020038.JPG,SC6_11JanTo14Feb,Santa Cruz Camera 6,2-Feb-21,13:57:24,Ok,TRUE,,0,,0,FALSE,FALSE,FALSE,FALSE,FALSE,
02020039.JPG,SC6_11JanTo14Feb,Santa Cruz Camera 6,2-Feb-21,13:58:31,Ok,FALSE,Otospermophilus variegatus,1,,0,FALSE,FALSE,FALSE,FALSE,FALSE,
02020040.JPG,SC6_11JanTo14Feb,Santa Cruz Camera 6,2-Feb-21,15:07:23,Ok,TRUE,,0,,0,FALSE,FALSE,FALSE,FALSE,FALSE,
02020041.JPG,SC6_11JanTo14Feb,Santa Cruz Camera 6,2-Feb-21,15:14:17,Ok,FALSE,Sylvilagus audubonii,1,,0,FALSE,FALSE,FALSE,FALSE,FALSE,
02020042.JPG,SC6_11JanTo14Feb,Santa Cruz Camera 6,2-Feb-21,15:42:20,Ok,FALSE,Otospermophilus variegatus,1,,0,FALSE,FALSE,FALSE,FALSE,FALSE,
02020043.JPG,SC6_11JanTo14Feb,Santa Cruz Camera 6,2-Feb-21,16:06:48,Ok,FALSE,Otospermophilus variegatus,1,,0,FALSE,FALSE,FALSE,FALSE,FALSE,
02020044.JPG,SC6_11JanTo14Feb,Santa Cruz Camera 6,2-Feb-21,16:07:59,Ok,TRUE,,0,,0,FALSE,FALSE,FALSE,FALSE,FALSE,
02020045.JPG,SC6_11JanTo14Feb,Santa Cruz Camera 6,2-Feb-21,18:19:58,Ok,TRUE,,0,,0,FALSE,FALSE,FALSE,FALSE,FALSE,
02020046.JPG,SC6_11JanTo14Feb,Santa Cruz Camera 6,2-Feb-21,18:21:30,Ok,TRUE,,0,,0,FALSE,FALSE,FALSE,FALSE,FALSE,
02030047.JPG,SC6_11JanTo14Feb,Santa Cruz Camera 6,3-Feb-21,10:12:22,Ok,FALSE,Homo sapien,1,,0,FALSE,FALSE,FALSE,FALSE,FALSE,
02030048.JPG,SC6_11JanTo14Feb,Santa Cruz Camera 6,3-Feb-21,11:18:34,Ok,TRUE,,0,,0,FALSE,FALSE,FALSE,FALSE,FALSE,
02030049.JPG,SC6_11JanTo14Feb,Santa Cruz Camera 6,3-Feb-21,11:24:09,Ok,TRUE,,0,,0,FALSE,FALSE,FALSE,FALSE,FALSE,
02030050.JPG,SC6_11JanTo14Feb,Santa Cruz Camera 6,3-Feb-21,11:30:35,Ok,TRUE,,0,,0,FALSE,FALSE,FALSE,FALSE,FALSE,
02030051.JPG,SC6_11JanTo14Feb,Santa Cruz Camera 6,3-Feb-21,11:33:27,Ok,TRUE,,0,,0,FALSE,FALSE,FALSE,FALSE,FALSE,
02030052.JPG,SC6_11JanTo14Feb,Santa Cruz Camera 6,3-Feb-21,12:38:12,Ok,FALSE,Otospermophilus variegatus,1,,0,FALSE,FALSE,FALSE,FALSE,FALSE,
02030053.JPG,SC6_11JanTo14Feb,Santa Cruz Camera 6,3-Feb-21,13:29:10,Ok,TRUE,,0,,0,FALSE,FALSE,FALSE,FALSE,FALSE,
02030054.JPG,SC6_11JanTo14Feb,Santa Cruz Camera 6,3-Feb-21,13:42:01,Ok,FALSE,Otospermophilus variegatus,1,,0,FALSE,FALSE,FALSE,FALSE,FALSE,
02030055.JPG,SC6_11JanTo14Feb,Santa Cruz Camera 6,3-Feb-21,13:42:33,Ok,TRUE,Otospermophilus variegatus,1,,0,FALSE,FALSE,FALSE,FALSE,FALSE,
02030056.JPG,SC6_11JanTo14Feb,Santa Cruz Camera 6,3-Feb-21,13:46:28,Ok,TRUE,,0,,0,FALSE,FALSE,FALSE,FALSE,FALSE,
02030057.JPG,SC6_11JanTo14Feb,Santa Cruz Camera 6,3-Feb-21,13:58:18,Ok,FALSE,Pipilo aberti,1,,0,FALSE,FALSE,FALSE,FALSE,FALSE,
02030058.JPG,SC6_11JanTo14Feb,Santa Cruz Camera 6,3-Feb-21,14:28:49,Ok,FALSE,Sylvilagus audubonii,1,,0,FALSE,FALSE,FALSE,FALSE,FALSE,
02030059.JPG,SC6_11JanTo14Feb,Santa Cruz Camera 6,3-Feb-21,14:40:55,Ok,FALSE,Sylvilagus audubonii,1,,0,FALSE,FALSE,FALSE,FALSE,FALSE,
02030060.JPG,SC6_11JanTo14Feb,Santa Cruz Camera 6,3-Feb-21,14:54:24,Ok,FALSE,Sylvilagus audubonii,1,,0,FALSE,FALSE,FALSE,FALSE,FALSE,
02030061.JPG,SC6_11JanTo14Feb,Santa Cruz Camera 6,3-Feb-21,17:45:25,Ok,FALSE,Felis catus,1,,0,FALSE,FALSE,FALSE,FALSE,FALSE,
02030062.JPG,SC6_11JanTo14Feb,Santa Cruz Camera 6,3-Feb-21,21:19:43,Ok,FALSE,Felis catus,1,,0,FALSE,FALSE,FALSE,FALSE,FALSE,
02040063.JPG,SC6_11JanTo14Feb,Santa Cruz Camera 6,4-Feb-21,10:37:31,Ok,FALSE,Otospermophilus variegatus,1,,0,FALSE,FALSE,FALSE,FALSE,FALSE,
02040064.JPG,SC6_11JanTo14Feb,Santa Cruz Camera 6,4-Feb-21,11:15:42,Ok,FALSE,Otospermophilus variegatus,1,,0,FALSE,FALSE,FALSE,FALSE,FALSE,
02040065.JPG,SC6_11JanTo14Feb,Santa Cruz Camera 6,4-Feb-21,11:22:20,Ok,FALSE,Otospermophilus variegatus,1,,0,FALSE,FALSE,FALSE,FALSE,FALSE,
02040066.JPG,SC6_11JanTo14Feb,Santa Cruz Camera 6,4-Feb-21,11:25:14,Ok,FALSE,Otospermophilus variegatus,1,,0,FALSE,FALSE,FALSE,FALSE,FALSE,
02040067.JPG,SC6_11JanTo14Feb,Santa Cruz Camera 6,4-Feb-21,11:36:39,Ok,TRUE,,0,,0,FALSE,FALSE,FALSE,FALSE,FALSE,
02040068.JPG,SC6_11JanTo14Feb,Santa Cruz Camera 6,4-Feb-21,11:59:47,Ok,TRUE,,0,,0,FALSE,FALSE,FALSE,FALSE,FALSE,
02040069.JPG,SC6_11JanTo14Feb,Santa Cruz Camera 6,4-Feb-21,12:01:40,Ok,FALSE,Otospermophilus variegatus,1,,0,FALSE,FALSE,FALSE,FALSE,FALSE,
02040070.JPG,SC6_11JanTo14Feb,Santa Cruz Camera 6,4-Feb-21,12:52:08,Ok,FALSE,Otospermophilus variegatus,1,,0,FALSE,FALSE,FALSE,FALSE,FALSE,
02040071.JPG,SC6_11JanTo14Feb,Santa Cruz Camera 6,4-Feb-21,12:53:45,Ok,FALSE,Sylvilagus audubonii,1,,0,FALSE,FALSE,FALSE,FALSE,FALSE,
02040072.JPG,SC6_11JanTo14Feb,Santa Cruz Camera 6,4-Feb-21,12:55:58,Ok,FALSE,Sylvilagus audubonii,1,,0,FALSE,FALSE,FALSE,FALSE,FALSE,
02040073.JPG,SC6_11JanTo14Feb,Santa Cruz Camera 6,4-Feb-21,13:00:19,Ok,FALSE,Pipilo aberti,1,,0,FALSE,FALSE,FALSE,FALSE,FALSE,
02040074.JPG,SC6_11JanTo14Feb,Santa Cruz Camera 6,4-Feb-21,13:26:56,Ok,FALSE,Pipilo aberti,1,,0,FALSE,FALSE,FALSE,FALSE,FALSE,
02040075.JPG,SC6_11JanTo14Feb,Santa Cruz Camera 6,4-Feb-21,13:28:31,Ok,FALSE,Pipilo aberti,1,,0,FALSE,FALSE,FALSE,FALSE,FALSE,
02040076.JPG,SC6_11JanTo14Feb,Santa Cruz Camera 6,4-Feb-21,13:54:25,Ok,TRUE,,0,,0,FALSE,FALSE,FALSE,FALSE,FALSE,
02040077.JPG,SC6_11JanTo14Feb,Santa Cruz Camera 6,4-Feb-21,14:38:43,Ok,TRUE,,0,,0,FALSE,FALSE,FALSE,FALSE,FALSE,
02040078.JPG,SC6_11JanTo14Feb,Santa Cruz Camera 6,4-Feb-21,15:09:45,Ok,TRUE,,0,,0,FALSE,FALSE,FALSE,FALSE,FALSE,
02050079.JPG,SC6_11JanTo14Feb,Santa Cruz Camera 6,5-Feb-21,6:46:49,Ok,TRUE,,0,,0,FALSE,FALSE,FALSE,FALSE,FALSE,
02050080.JPG,SC6_11JanTo14Feb,Santa Cruz Camera 6,5-Feb-21,13:49:57,Ok,FALSE,Otospermophilus variegatus,1,,0,FALSE,FALSE,FALSE,FALSE,FALSE,
02060081.JPG,SC6_11JanTo14Feb,Santa Cruz Camera 6,6-Feb-21,11:05:37,Ok,TRUE,,0,,0,FALSE,FALSE,FALSE,FALSE,FALSE,
02060082.JPG,SC6_11JanTo14Feb,Santa Cruz Camera 6,6-Feb-21,11:17:15,Ok,FALSE,Sylvilagus audubonii,1,,0,FALSE,FALSE,FALSE,FALSE,FALSE,
02060083.JPG,SC6_11JanTo14Feb,Santa Cruz Camera 6,6-Feb-21,11:18:57,Ok,FALSE,Sylvilagus audubonii,1,,0,FALSE,FALSE,FALSE,FALSE,FALSE,
02060084.JPG,SC6_11JanTo14Feb,Santa Cruz Camera 6,6-Feb-21,11:21:09,Ok,FALSE,Sylvilagus audubonii,1,,0,FALSE,FALSE,FALSE,FALSE,FALSE,
02060085.JPG,SC6_11JanTo14Feb,Santa Cruz Camera 6,6-Feb-21,11:23:50,Ok,FALSE,Sylvilagus audubonii,1,,0,FALSE,FALSE,FALSE,FALSE,FALSE,
02060086.JPG,SC6_11JanTo14Feb,Santa Cruz Camera 6,6-Feb-21,11:25:04,Ok,FALSE,Sylvilagus audubonii,1,,0,FALSE,FALSE,FALSE,FALSE,FALSE,
02060087.JPG,SC6_11JanTo14Feb,Santa Cruz Camera 6,6-Feb-21,11:28:57,Ok,FALSE,Sylvilagus audubonii,1,,0,FALSE,FALSE,FALSE,FALSE,FALSE,
02060088.JPG,SC6_11JanTo14Feb,Santa Cruz Camera 6,6-Feb-21,12:19:12,Ok,TRUE,,0,,0,FALSE,FALSE,FALSE,FALSE,FALSE,
02060089.JPG,SC6_11JanTo14Feb,Santa Cruz Camera 6,6-Feb-21,14:11:15,Ok,FALSE,Otospermophilus variegatus,1,,0,FALSE,FALSE,FALSE,FALSE,FALSE,
02060090.JPG,SC6_11JanTo14Feb,Santa Cruz Camera 6,6-Feb-21,14:49:27,Ok,FALSE,,0,,0,FALSE,FALSE,FALSE,FALSE,TRUE,
02060091.JPG,SC6_11JanTo14Feb,Santa Cruz Camera 6,6-Feb-21,14:49:59,Ok,FALSE,,0,,0,FALSE,FALSE,FALSE,FALSE,TRUE,
02060001.JPG,SC6_11JanTo14Feb,Santa Cruz Camera 6,6-Feb-21,14:53:44,Ok,FALSE,,0,,0,FALSE,FALSE,FALSE,FALSE,TRUE,
02060002.JPG,SC6_11JanTo14Feb,Santa Cruz Camera 6,6-Feb-21,14:54:16,Ok,FALSE,,0,,0,FALSE,FALSE,FALSE,FALSE,TRUE,
02060003.JPG,SC6_11JanTo14Feb,Santa Cruz Camera 6,6-Feb-21,14:54:47,Ok,FALSE,,0,,0,FALSE,FALSE,FALSE,FALSE,TRUE,
02060004.JPG,SC6_11JanTo14Feb,Santa Cruz Camera 6,6-Feb-21,14:55:18,Ok,FALSE,,0,,0,FALSE,FALSE,FALSE,FALSE,TRUE,
02060005.JPG,SC6_11JanTo14Feb,Santa Cruz Camera 6,6-Feb-21,14:55:51,Ok,FALSE,,0,,0,FALSE,FALSE,FALSE,FALSE,TRUE,
02060006.JPG,SC6_11JanTo14Feb,Santa Cruz Camera 6,6-Feb-21,14:56:22,Ok,FALSE,,0,,0,FALSE,FALSE,FALSE,FALSE,TRUE,
02060007.JPG,SC6_11JanTo14Feb,Santa Cruz Camera 6,6-Feb-21,14:56:54,Ok,FALSE,,0,,0,FALSE,FALSE,FALSE,FALSE,TRUE,
02060008.JPG,SC6_11JanTo14Feb,Santa Cruz Camera 6,6-Feb-21,14:57:26,Ok,FALSE,,0,,0,FALSE,FALSE,FALSE,FALSE,TRUE,
02060009.JPG,SC6_11JanTo14Feb,Santa Cruz Camera 6,6-Feb-21,14:58:02,Ok,FALSE,,0,,0,FALSE,FALSE,FALSE,FALSE,TRUE,
02060010.JPG,SC6_11JanTo14Feb,Santa Cruz Camera 6,6-Feb-21,14:58:33,Ok,FALSE,,0,,0,FALSE,FALSE,FALSE,FALSE,TRUE,
02060011.JPG,SC6_11JanTo14Feb,Santa Cruz Camera 6,6-Feb-21,14:59:06,Ok,FALSE,,0,,0,FALSE,FALSE,FALSE,FALSE,TRUE,
02060012.JPG,SC6_11JanTo14Feb,Santa Cruz Camera 6,6-Feb-21,14:59:37,Ok,FALSE,,0,,0,FALSE,FALSE,FALSE,FALSE,TRUE,
02060013.JPG,SC6_11JanTo14Feb,Santa Cruz Camera 6,6-Feb-21,15:00:10,Ok,FALSE,,0,,0,FALSE,FALSE,FALSE,FALSE,TRUE,
02060014.JPG,SC6_11JanTo14Feb,Santa Cruz Camera 6,6-Feb-21,15:00:41,Ok,FALSE,,0,,0,FALSE,FALSE,FALSE,FALSE,TRUE,
02060015.JPG,SC6_11JanTo14Feb,Santa Cruz Camera 6,6-Feb-21,15:01:14,Ok,FALSE,,0,,0,FALSE,FALSE,FALSE,FALSE,TRUE,
02060016.JPG,SC6_11JanTo14Feb,Santa Cruz Camera 6,6-Feb-21,15:01:46,Ok,FALSE,,0,,0,FALSE,FALSE,FALSE,FALSE,TRUE,
02060017.JPG,SC6_11JanTo14Feb,Santa Cruz Camera 6,6-Feb-21,15:02:17,Ok,FALSE,,0,,0,FALSE,FALSE,FALSE,FALSE,TRUE,
02060018.JPG,SC6_11JanTo14Feb,Santa Cruz Camera 6,6-Feb-21,15:02:49,Ok,FALSE,,0,,0,FALSE,FALSE,FALSE,FALSE,TRUE,
02060019.JPG,SC6_11JanTo14Feb,Santa Cruz Camera 6,6-Feb-21,15:03:20,Ok,FALSE,,0,,0,FALSE,FALSE,FALSE,FALSE,TRUE,
02060020.JPG,SC6_11JanTo14Feb,Santa Cruz Camera 6,6-Feb-21,15:04:04,Ok,FALSE,,0,,0,FALSE,FALSE,FALSE,FALSE,TRUE,
02060021.JPG,SC6_11JanTo14Feb,Santa Cruz Camera 6,6-Feb-21,18:18:26,Ok,FALSE,Felis catus,1,,0,FALSE,FALSE,FALSE,FALSE,FALSE,
02070022.JPG,SC6_11JanTo14Feb,Santa Cruz Camera 6,7-Feb-21,7:44:55,Ok,FALSE,Sylvilagus audubonii,1,,0,FALSE,FALSE,FALSE,FALSE,FALSE,
02070023.JPG,SC6_11JanTo14Feb,Santa Cruz Camera 6,7-Feb-21,7:45:58,Ok,FALSE,Sylvilagus audubonii,1,,0,FALSE,FALSE,FALSE,FALSE,FALSE,
02070024.JPG,SC6_11JanTo14Feb,Santa Cruz Camera 6,7-Feb-21,9:30:28,Ok,TRUE,,0,,0,FALSE,FALSE,FALSE,FALSE,FALSE,
02070025.JPG,SC6_11JanTo14Feb,Santa Cruz Camera 6,7-Feb-21,9:33:53,Ok,FALSE,Homo sapien,1,,0,FALSE,FALSE,FALSE,FALSE,FALSE,
02070026.JPG,SC6_11JanTo14Feb,Santa Cruz Camera 6,7-Feb-21,12:33:37,Ok,TRUE,,0,,0,FALSE,FALSE,FALSE,FALSE,FALSE,
02070027.JPG,SC6_11JanTo14Feb,Santa Cruz Camera 6,7-Feb-21,15:54:43,Ok,FALSE,Otospermophilus variegatus,1,,0,FALSE,FALSE,FALSE,FALSE,FALSE,
02080028.JPG,SC6_11JanTo14Feb,Santa Cruz Camera 6,8-Feb-21,9:16:28,Ok,FALSE,Sylvilagus audubonii,1,,0,FALSE,FALSE,FALSE,FALSE,FALSE,
02080029.JPG,SC6_11JanTo14Feb,Santa Cruz Camera 6,8-Feb-21,10:54:36,Ok,FALSE,Sylvilagus audubonii,1,,0,FALSE,FALSE,FALSE,FALSE,FALSE,
02080030.JPG,SC6_11JanTo14Feb,Santa Cruz Camera 6,8-Feb-21,11:10:13,Ok,FALSE,Otospermophilus variegatus,1,,0,FALSE,FALSE,FALSE,FALSE,FALSE,
02080031.JPG,SC6_11JanTo14Feb,Santa Cruz Camera 6,8-Feb-21,11:27:05,Ok,TRUE,,0,,0,FALSE,FALSE,FALSE,FALSE,FALSE,
02080032.JPG,SC6_11JanTo14Feb,Santa Cruz Camera 6,8-Feb-21,13:05:35,Ok,TRUE,,0,,0,FALSE,FALSE,FALSE,FALSE,FALSE,
02080033.JPG,SC6_11JanTo14Feb,Santa Cruz Camera 6,8-Feb-21,20:07:01,Ok,FALSE,Felis catus,1,,0,FALSE,FALSE,FALSE,FALSE,FALSE,
02090034.JPG,SC6_11JanTo14Feb,Santa Cruz Camera 6,9-Feb-21,6:52:25,Ok,TRUE,,0,,0,FALSE,FALSE,FALSE,FALSE,FALSE,
02090035.JPG,SC6_11JanTo14Feb,Santa Cruz Camera 6,9-Feb-21,7:22:08,Ok,TRUE,,0,,0,FALSE,FALSE,FALSE,FALSE,FALSE,
02090036.JPG,SC6_11JanTo14Feb,Santa Cruz Camera 6,9-Feb-21,10:59:51,Ok,FALSE,Otospermophilus variegatus,1,,0,FALSE,FALSE,FALSE,FALSE,FALSE,
02100037.JPG,SC6_11JanTo14Feb,Santa Cruz Camera 6,10-Feb-21,6:50:18,Ok,FALSE,Sylvilagus audubonii,1,,0,FALSE,FALSE,FALSE,FALSE,FALSE,
02100038.JPG,SC6_11JanTo14Feb,Santa Cruz Camera 6,10-Feb-21,7:56:31,Ok,TRUE,,0,,0,FALSE,FALSE,FALSE,FALSE,FALSE,
02100039.JPG,SC6_11JanTo14Feb,Santa Cruz Camera 6,10-Feb-21,11:38:24,Ok,FALSE,Homo sapien,1,,0,FALSE,FALSE,FALSE,FALSE,FALSE,
02100040.JPG,SC6_11JanTo14Feb,Santa Cruz Camera 6,10-Feb-21,13:31:27,Ok,FALSE,,0,,0,FALSE,FALSE,FALSE,FALSE,FALSE,
02100041.JPG,SC6_11JanTo14Feb,Santa Cruz Camera 6,10-Feb-21,17:51:44,Ok,FALSE,Felis catus,1,,0,FALSE,FALSE,FALSE,FALSE,FALSE,
02110042.JPG,SC6_11JanTo14Feb,Santa Cruz Camera 6,11-Feb-21,6:27:50,Ok,FALSE,Sylvilagus audubonii,1,,0,FALSE,FALSE,FALSE,FALSE,FALSE,
02110043.JPG,SC6_11JanTo14Feb,Santa Cruz Camera 6,11-Feb-21,6:51:06,Ok,TRUE,,0,,0,FALSE,FALSE,FALSE,FALSE,FALSE,
02110044.JPG,SC6_11JanTo14Feb,Santa Cruz Camera 6,11-Feb-21,6:54:43,Ok,FALSE,Homo sapien,1,,0,FALSE,FALSE,FALSE,FALSE,FALSE,
02110045.JPG,SC6_11JanTo14Feb,Santa Cruz Camera 6,11-Feb-21,10:16:05,Ok,TRUE,,0,,0,FALSE,FALSE,FALSE,FALSE,FALSE,
02110046.JPG,SC6_11JanTo14Feb,Santa Cruz Camera 6,11-Feb-21,11:50:49,Ok,FALSE,Sylvilagus audubonii,1,,0,FALSE,FALSE,FALSE,FALSE,FALSE,
02110047.JPG,SC6_11JanTo14Feb,Santa Cruz Camera 6,11-Feb-21,19:11:30,Ok,FALSE,Felis catus,1,,0,FALSE,FALSE,FALSE,FALSE,FALSE,
02120048.JPG,SC6_11JanTo14Feb,Santa Cruz Camera 6,12-Feb-21,3:46:47,Ok,FALSE,Sylvilagus audubonii,1,,0,FALSE,FALSE,FALSE,FALSE,FALSE,
02120049.JPG,SC6_11JanTo14Feb,Santa Cruz Camera 6,12-Feb-21,4:54:16,Ok,FALSE,Sylvilagus audubonii,1,,0,FALSE,FALSE,FALSE,FALSE,FALSE,
02120050.JPG,SC6_11JanTo14Feb,Santa Cruz Camera 6,12-Feb-21,12:40:34,Ok,FALSE,Sylvilagus audubonii,1,,0,FALSE,FALSE,FALSE,FALSE,FALSE,
02130051.JPG,SC6_11JanTo14Feb,Santa Cruz Camera 6,13-Feb-21,6:19:21,Ok,FALSE,Sylvilagus audubonii,1,,0,FALSE,FALSE,FALSE,FALSE,FALSE,
02130052.JPG,SC6_11JanTo14Feb,Santa Cruz Camera 6,13-Feb-21,15:38:27,Ok,FALSE,Junco hyemalis,1,,0,FALSE,FALSE,FALSE,FALSE,FALSE,
02140053.JPG,SC6_11JanTo14Feb,Santa Cruz Camera 6,14-Feb-21,10:30:33,Ok,FALSE,Homo sapien,2,,0,FALSE,FALSE,FALSE,FALSE,FALSE,
02140054.JPG,SC6_11JanTo14Feb,Santa Cruz Camera 6,14-Feb-21,10:54:06,Ok,FALSE,,0,,0,FALSE,FALSE,FALSE,FALSE,TRUE,
02140055.JPG,SC6_11JanTo14Feb,Santa Cruz Camera 6,14-Feb-21,10:54:38,Ok,FALSE,,0,,0,FALSE,FALSE,FALSE,FALSE,TRUE,
02140056.JPG,SC6_11JanTo14Feb,Santa Cruz Camera 6,14-Feb-21,10:55:11,Ok,FALSE,,0,,0,FALSE,FALSE,FALSE,FALSE,TRUE,
